Rank,Time,Athlete,Country,Meet Name,Date,Location
Men's 50 FR LCM,,,,,,
1,20.91,Cesar Cielo,BRA,2009 BRA Open,12/18/2009,Sao Paulo
2,20.94,Fred Bousquet,FRA,,4/26/2009,Montpellier
3,21.28,Eamon Sullivan,AUS,2008 AUS Olympic Trials,3/28/2008,Sydney
4,21.41,Eamon Sullivan,AUS,,3/27/2008,Sydney
5,21.5,Alain Bernard,FRA,2008 European Champs,3/23/2008,Eindhoven
6,21.56,Eamon Sullivan,AUS,,2/17/2008,Sydney
7,21.64,Alexander Popov,RUS,2000 Time Trial,6/16/2000,Moscow
8,21.81,Tom Jager,USA,,3/24/1990,Nashville
9,21.98,Tom Jager,USA,,3/24/1990,Nashville
10,22.12,Tom Jager,USA,,8/20/1989,Tokyo
11,22.14,Matt Biondi,USA,,9/24/1988,Seoul
12,22.18,Peter Williams,RSA,,4/10/1988,Indianapolis
13,22.23,Tom Jager,USA,,3/25/1988,Orlando
14,22.32,Tom Jager,USA,,8/13/1987,Brisbane
15,22.33,Matt Biondi,USA,,7/30/1987,Clovis
15,22.33,Matt Biondi,USA,,6/26/1986,Orlando
17,22.4,Tom Jager,USA,,12/6/1985,Austin
18,22.52,Dano Halsall,SUI,,7/21/1985,Bellinzona
19,22.54,Robin Leamy,USA,,8/15/1981,Brown Deer
20,22.71,Joseph Bottom,USA,,8/15/1980,Honolulu
21,22.83,Joseph Bottom,USA,,8/15/1980,Honolulu
21,22.83,Bruce Stahl ,USA,,4/10/1980,Austin
23,22.96,Rowdy Gaines,USA,,4/10/1980,Austin
24,23.12,Chris Cavanaugh,USA,,4/10/1980,Austin
25,23.66,Chris Cavanaugh,USA,,2/2/1980,Amersfoort
26,23.7,Klaus Steinbach,GER,,7/23/1979,Freiburg
27,23.72,Ron Manganiello,USA,,7/29/1978,Miami
28,23.74,Joseph Bottom,USA,,7/3/1977,Etobicoke
29,23.86,Jonty Skinner,RSA,,8/14/1976,Philadelphia
,,,,,,
Women's 50 FR LCM,,,,,,
1,23.67,Sarah Sjostrom,SWE,,7/29/2017,Budapest
2,23.73,Britta Steffen,GER,2009 World Champs ,8/2/2009,Rome
3,23.96,Marleen Veldhuis,NED,2008 Olympic Invite,4/19/2009,Amsterdam
4,23.97,Libby Trickett,AUS,2008 AUS Olympic Trials,3/27/2008,Sydney
5,24.09,Marleen Veldhuis,NED,2008 European Champs,3/18/2008,Eindhoven 
6,24.13,Inge De Bruijn,NED,2000 Olympic Games,8/1/2000,Sydney
7,24.39,Inge De Bruijn,NED,,6/10/2000,Rio de Janeiro
8,24.48,Inge De Bruijn,NED,,6/4/2000,Amsterdam
9,24.51,Inge De Bruijn,NED,,5/27/2000,Sheffield
9,24.51,Le Jingyi,CHN,1994 US World Championships,9/11/1994,Rome
11,24.79,Yang Wenji,CHN,,7/31/1992,Barcelona
12,24.98,Yang Wenji,CHN,,4/11/1988,Canton
13,25.28,Tamara Costache,BUL,,8/23/1986,Madrid
,,,,,,
Men's 100 FR LCM,,,,,,
1,46.91,Cesar Cielo,BRA,2009 World Champs ,7/30/2009,Rome
2,46.94,Alain Bernard,FRA,,4/23/2009,Montpellier
3,47.05,Eamon Sullivan,AUS,2008 Olympic Games,8/13/2008,Beijing
4,47.2,Alain Bernard,FRA,2008 Olympic Games,8/13/2008,Beijing
1/20/2020 7:18:32 AM,,,Highlighted Record ,,,2
,,,,,,
Rank,Time,Athlete,Swimmer,Meet Name,Swim,Location
,,,Country,,Date,City
Men's 100 FR LCM,,,,,,
5,47.24,Eamon Sullivan,AUS,2008 Olympic Games,8/11/2008,Beijing
6,47.5,Alain Bernard,FRA,2008 European Champs,3/22/2008,Eindhoven
7,47.6,Alain Bernard,FRA,2008 European Champs,3/21/2008,Eindhoven
8,47.84,Pieter Van Den ,,2000 Olympic Games,,Sydney
,,Hoogenband,NED,,9/19/2000,
9,48.18,Michael Klim,AUS,2000 Olympic Games Relay Leadoff,9/16/2000,Sydney
10,48.21,Alexander Popov,RUS,,6/18/1994,Monte Carlo
11,48.42,Matt Biondi,USA,,8/10/1988,Austin
12,48.74,Matt Biondi,USA,,6/24/1986,Orlando
13,48.95,Matt Biondi,USA,,8/6/1985,Mission Viejo
14,49.24,Matt Biondi,USA,,8/6/1985,Mission Viejo
15,49.36,Rowdy Gaines,USA,,4/3/1981,Austin
16,49.44,Jonty Skinner,RSA,,8/14/1976,Philadelphia
17,49.99,Jim Montgomery,USA,,7/25/1976,Montreal
18,50.39,Jim Montgomery,USA,,7/24/1976,Montreal
19,50.59,Jim Montgomery,USA,,8/23/1975,Kansas City
20,51.11,Andrew Coan,USA,,8/3/1975,FtLauderdale
21,51.12,Jim Montgomery,USA,,6/21/1975,Long Beach
22,51.22,Mark Spitz,USA,,9/3/1972,Munich
23,51.47,Mark Spitz,USA,,8/5/1972,Chicago
24,51.94,Mark Spitz,USA,,8/23/1970,Los Angeles
25,52.2,Michael Wenden,AUS,,10/19/1968,Mexico City
26,52.6,Kenneth Walsh,USA,,7/27/1967,Winnipeg
26,52.6,Zac Zorn,USA,,9/2/1968,Long Beach
28,52.9,Alain Gottvalles,FRA,,9/13/1964,Budapest
29,53.6,Manuel Dos Santos,BRA,,9/20/1961,Rio de Janeiro
30,54.4,Steve Clark,USA,,8/18/1961,Los Angeles
31,54.6,John Devitt,AUS,,1/28/1957,Brisbane
32,55.2,John Devitt,AUS,,1/19/1957,Sydney
33,55.4,Jon Henricks,AUS,,11/30/1956,Melbourne
,,,,,,
Women's 100 FR LCM,,,,,,
1,51.71,Sarah Sjostrom,SWE,2017 World Champs,7/23/2017,Budapest
2,52.06,Cate Campbell,AUS,,7/2/2016,Brisbane
3,52.07,Britta Steffen,GER,2009 World Champs ,7/31/2009,Rome
4,52.22,Britta Steffen,GER,,7/26/2009,Rome
5,52.56,Britta Steffen,GER,,6/27/2009,Berlin
6,52.85,Britta Steffen,GER,,6/25/2009,Berlin
7,52.88,Libby Trickett,AUS,2008 AUS Olympic Trials,3/27/2008,Sydney
8,53.3,Britta Steffen,GER,,8/2/2006,Budapest
9,53.42,Libby Trickett,AUS,2006 AUS Commonwealth Gms Trials,1/30/2006,Melbourne
10,53.52,Jodie Henry,AUS,,8/18/2004,Athens
11,53.66,Libby Trickett,AUS,,3/31/2004,Sydney
12,53.77,Inge De Bruijn,NED,2000 Olympic Games,8/1/2000,Sydney
13,53.8,Inge De Bruijn,NED,,5/29/2000,Sheffield
14,54.01,Le Jingyi,CHN,1994 US World Championships,9/5/1994,Rome
15,54.48,Jenny Thompson,USA,,3/1/1992,Indianapolis
16,54.73,Kristin Otto,GDR,,8/19/1986,Madrid
17,54.79,Barbara Krause,GDR,,7/21/1980,Moscow
18,54.98,Barbara Krause,GDR,,7/20/1980,Moscow
1/20/2020 7:18:32 AM,,,Highlighted Record ,,,3
,,,,,,
Rank,Time,Athlete,Swimmer,Meet Name,Swim,Location
,,,Country,,Date,City
Women's 100 FR LCM,,,,,,
19,55.41,Barbara Krause,GDR,,7/5/1978,Berlin
20,55.65,Kornelia Ender,GDR,,7/19/1976,Montreal
21,55.73,Kornelia Ender,GDR,,6/6/1976,Berlin
22,56.22,Kornelia Ender,GDR,,7/26/1975,Cali
23,56.38,Kornelia Ender,GDR,,3/14/1975,Dresden
24,56.96,Kornelia Ender,GDR,,8/19/1974,Vienna
25,57.51,Kornelia Ender,GDR,,7/4/1974,Rostock
26,57.54,Kornelia Ender,GDR,,9/9/1973,Belgrade
27,57.61,Kornelia Ender,GDR,,9/8/1973,Belgrade
28,58.12,Kornelia Ender,GDR,,8/18/1973,Utrecht
29,58.25,Kornelia Ender,GDR,,7/13/1973,Berlin
30,58.5,Shane Gould,AUS,,1/8/1972,Sydney
31,58.9,Dawn Fraser,AUS,,2/29/1964,Sydney
31,58.9,Shane Gould,AUS,,4/30/1971,London
33,59.5,Dawn Fraser,AUS,,11/24/1962,Perth
34,59.9,Dawn Fraser,AUS,,10/27/1962,Melbourne
35,1:00.00,Dawn Fraser,AUS,,10/23/1962,Melbourne
36,1:00.20,Dawn Fraser,AUS,,2/23/1960,Sydney
37,1:01.20,Dawn Fraser,AUS,,8/10/1958,Schiedam
38,1:01.40,Dawn Fraser,AUS,,7/21/1958,Cardiff
39,1:01.50,Dawn Fraser,AUS,,2/18/1958,Melbourne
40,1:02.00,Dawn Fraser,AUS,,12/1/1956,Melbourne
41,1:02.40,Loraine Crapp,AUS,,12/1/1956,Melbourne
42,1:03.20,Loraine Crapp,AUS,,10/25/1956,Sydney
43,1:03.30,Dawn Fraser,AUS,,8/25/1956,Townsville
,,,,,,
Men's 200 FR LCM,,,,,,
1,1:42.00,Paul Biedermann,GER,2009 World Champs ,7/28/2009,Rome
2,1:42.96,Michael Phelps,USA,2008 Olympic Games,8/12/2008,Beijing
3,1:43.86,Michael Phelps,USA,2007 World Champs,3/27/2007,Melbourne
4,1:44.06,Ian Thorpe,AUS,2001 World Champs,7/25/2001,Fukuoka
5,1:44.69,Ian Thorpe,AUS,,3/27/2001,Hobart
6,1:45.35,Pieter Van Den ,,,,Sydney
,,Hoogenband,NED,,9/17/2000,
6,1:45.35,Pieter Van Den ,,,,Sydney
,,Hoogenband,NED,,9/18/2000,
8,1:45.51,Ian Thorpe,AUS,,5/15/2000,Sydney
9,1:45.69,Ian Thorpe,AUS,,5/14/2000,Sydney
10,1:46.00,Ian Thorpe,AUS,,8/24/1999,Sydeny
11,1:46.34,Ian Thorpe,AUS,,8/23/1999,Sydney
12,1:46.67,Grant Hackett,AUS,,3/23/1999,Brisbane
13,1:46.69,Giorgio Lamberti,ITA,,8/15/1989,Bonn
14,1:47.25,Duncan Armstrong,AUS,,9/19/1988,Seoul
15,1:47.44,Michael Gross,FRG,,7/29/1984,Los Angeles
16,1:47.55,Michael Gross,FRG,,6/8/1984,Munich
17,1:47.87,Michael Gross,FRG,,8/22/1983,Rome
18,1:48.28,Michael Gross,FRG,,6/21/1983,Hanover
19,1:48.93,Rowdy Gaines,USA,,7/19/1982,Mission Viejo
20,1:49.16,Rowdy Gaines,USA,,4/11/1980,Austin
21,1:49.83,Sergei Kopliakov,RUS,,4/7/1979,Potsdam
22,1:50.29,Bruce Furniss,USA,,7/19/1976,Montreal
1/20/2020 7:18:32 AM,,,Highlighted Record ,,,4
,,,,,,
Rank,Time,Athlete,Swimmer,Meet Name,Swim,Location
,,,Country,,Date,City
Men's 200 FR LCM,,,,,,
23,1:50.32,Bruce Furniss,USA,,8/21/1975,Kansas City
24,1:50.89,Bruce Furniss,USA,,6/18/1975,Long Beach
25,1:51.41,Bruce Furniss,USA,,6/18/1975,Long Beach
26,1:51.66,Tim Shaw,USA,,8/23/1974,Concord
27,1:52.78,Mark Spitz,USA,,8/29/1972,Munich
28,1:53.50,Mark Spitz,USA,,9/10/1971,Minsk
29,1:54.20,Mark Spitz,USA,,9/4/1971,Leipzip
30,1:54.30,Don Schollander,USA,,8/30/1968,Long Beach
30,1:54.30,Mark Spitz,USA,,7/12/1969,Santa Clara
32,1:54.80,Don Schollander,USA,,8/30/1968,Long Beach
33,1:55.70,Don Schollander,USA,,8/12/1967,Oak Park
34,1:56.00,Don Schollander,USA,,7/29/1967,Winnipeg
35,1:56.20,Don Schollander,USA,,8/19/1966,Lincoln
36,1:57.20,Don Schollander,USA,,7/29/1966,Los Angles
37,1:57.60,Don Schollander,USA,,8/1/1964,Los Altos
38,1:58.20,Hans-Joachim Klein,GER,,5/24/1964,Dortmund
39,1:58.40,Don Schollander,USA,,8/24/1963,Osaka
40,1:58.50,Don Schollander,USA,,8/17/1963,Tokyo
41,1:58.80,Don Schollander,USA,,7/27/1963,Los Angeles
42,2:00.30,Robert Windle,AUS,,4/21/1963,Tokyo
43,2:00.40,Don Schollander,USA,,8/11/1962,Cuyahoga Falls
,,,,,,
Women's 200 FR LCM,,,,,,
1,1:52.98,Federica Pellegrini,ITA,2009 World Champs ,7/29/2009,Rome
2,1:53.67,Federica Pellegrini,ITA,,7/28/2009,Rome
3,1:54.47,Federica Pellegrini,ITA,2009 ITA Champs,3/8/2009,Riccione
4,1:54.82,Federica Pellegrini,ITA,2008 Olympic Games,8/9/2008,Beijing
5,1:55.45,Federica Pellegrini,ITA,2008 Olympic Games,8/9/2008,Beijing
6,1:55.52,Laure Manaudou,FRA,2007 World Champs,3/25/2007,Melbourne
7,1:56.47,Federica Pellegrini,ITA,2007 World Champs,3/25/2007,Melbourne
8,1:56.64,Franziska Van Almsick,GER,2002 US European Champs,8/4/2002,Berlin
9,1:56.78,Franziska Van Almsick,GER,,9/6/1994,Rome
10,1:57.55,Heike Friedrich,GER,,6/18/1986,Berlin
11,1:57.75,Kristin Otto,GDR,,5/23/1984,Magdeburg
12,1:58.23,Sippy Brennan,USA,,9/3/1979,Tokyo
13,1:58.43,Sippy Brennan,USA,,7/3/1979,San Juan
14,1:58.53,Sippy Brennan,USA,,8/22/1978,Berlin
15,1:59.04,Barbara Krause,GDR,,7/2/1978,Berlin
16,1:59.26,Kornelia Ender,GDR,,7/22/1976,Montreal
17,1:59.78,Kornelia Ender,GDR,,6/2/1976,Berlin
18,2:02.27,Kornelia Ender,GDR,,3/15/1975,Dresden
19,2:02.94,Shirley Babashoff,USA,,8/31/1974,Concord
19,2:02.94,Shirley Babashoff,USA,,8/23/1974,Concord
21,2:03.22,Kornelia Ender,GDR,,8/22/1974,Vienna
22,2:03.56,Shane Gould,AUS,,9/1/1972,Munich
23,2:05.21,Shirley Babashoff,USA,,8/14/1972,Chicago
24,2:05.80,Shane Gould,AUS,,11/26/1971,Sydney
25,2:06.50,Shane Gould,AUS,,5/1/1971,London
26,2:06.70,Deborah Meyer,USA,,8/28/1968,Los Angeles
1/20/2020 7:18:32 AM,,,Highlighted Record ,,,5
,,,,,,
Rank,Time,Athlete,Swimmer,Meet Name,Swim,Location
,,,Country,,Date,City
Women's 200 FR LCM,,,,,,
27,2:07.90,Linda Gustavson,USA,,8/24/1968,Long Beach
28,2:08.80,Edith Wetzel,USA,,8/2/1968,Lincoln
29,2:09.50,Susan Pankey,USA,,7/6/1968,Santa Clara
30,2:09.70,Pamela Kruse,USA,,8/19/1967,Philadelphia
31,2:10.50,Pokey Watson,USA,,8/19/1966,Lincoln
32,2:11.60,Dawn Fraser,AUS,,2/27/1960,Sydney
33,2:14.70,Dawn Fraser,AUS,,2/22/1958,Melbourne
34,2:17.70,Dawn Fraser,AUS,,2/10/1958,Adelaide
35,2:18.50,Loraine Crapp,AUS,,10/20/1956,Sydney
36,2:19.30,Loraine Crapp,AUS,,8/25/1956,Townsville
37,2:20.70,Dawn Fraser,AUS,,2/25/1956,Sydney
,,,,,,
Men's 400 FR LCM,,,,,,
1,3:40.07,Paul Biedermann,GER,2009 World Champs ,7/26/2009,Rome
2,3:40.08,Ian Thorpe,AUS,2002 US Commonwealth Gam,7/30/2002,Manchester
3,3:40.17,Ian Thorpe,AUS,,7/22/2001,Fukuoka
4,3:40.59,Ian Thorpe,AUS,,9/16/2000,Sydney
5,3:41.33,Ian Thorpe,AUS,,5/15/2000,Sydney
6,3:41.83,Ian Thorpe,AUS,,8/22/1999,Sydney
7,3:43.80,Kieren Perkins,AUS,,9/9/1994,Rome
8,3:45.00,Evgeni Sadovyi,RUS,,7/29/1992,Barcelona
9,3:46.47,Kieren Perkins,AUS,,4/3/1992,Canberra
10,3:46.95,Uwe Dassler,GER,,9/23/1988,Seoul
11,3:47.38,Artur Wojdat,POL,,3/25/1988,Orlando
12,3:47.80,Michael Gross,GER,,6/27/1985,Wuppertal
13,3:48.32,Vladimir Salnikov,RUS,,2/19/1983,Moscow
14,3:49.57,Vladimir Salnikov,URS,,7/14/1982,Kiev
14,3:49.57,Vladimir Salnikov,RUS,,3/12/1982,Moscow
16,3:50.49,Peter Schmidt,CAN,,7/15/1980,Toronto
17,3:51.20,Vladimir Salnikov,RUS,,2/29/1980,Potsdam
18,3:51.40,Vladimir Salnikov,RUS,,8/19/1979,Moscow
19,3:51.41,Vladimir Salnikov,RUS,,4/6/1979,Potsdam
20,3:51.56,Brian Goodell,USA,,8/27/1977,Berlin
21,3:51.93,Brian Goodell,USA,,7/22/1976,Montreal
22,3:53.08,Brian Goodell,USA,,6/18/1976,Long Beach
23,3:53.31,Tim Shaw,USA,,8/20/1975,Kansas City
24,3:53.95,Tim Shaw,USA,,6/19/1975,Long Beach
25,3:54.69,Tim Shaw,USA,,8/22/1974,Concord
26,3:56.96,Tim Shaw,USA,,8/22/1974,Concord
27,3:58.18,Rick DeMont,USA,,9/9/1973,Belgrade
28,4:00.11,Kurt Krumpholz,USA,,8/4/1972,Chicago
29,4:01.70,Brad Cooper,AUS,,2/12/1972,Brisbane
30,4:02.10,Thomas McBreen,USA,,8/25/1971,Houston
31,4:02.60,Gunnar Larsson,SWE,,9/7/1970,Barcelona
32,4:02.80,John Kinsella,USA,,8/20/1970,Los Angeles
33,4:04.00,Hans-Joachim,GER,,8/14/1969,Louisville
34,4:06.50,Ralph Hutton,CAN,,8/1/1968,Lincoln
35,4:07.70,Mark Spitz,USA,,6/23/1968,Haywood
36,4:08.20,Greg Charlton,USA,,8/28/1967,Tokyo
1/20/2020 7:18:32 AM,,,Highlighted Record ,,,6
,,,,,,
Rank,Time,Athlete,Swimmer,Meet Name,Swim,Location
,,,Country,,Date,City
Men's 400 FR LCM,,,,,,
37,4:08.80,Mark Spitz,USA,,7/7/1967,Santa Clara
38,4:09.20,Alain Mosconi,FRA,,7/4/1967,Monaco
39,4:10.60,Alain Mosconi,FRA,,7/2/1967,Monaco
39,4:10.60,Mark Spitz,USA,,6/25/1967,Heywood
41,4:11.10,Frank Wiegand,GDR,,8/25/1966,Utrecht
42,4:11.60,Don Schollander,USA,,8/18/1966,Lincoln
43,4:11.80,John Nelson,USA,,8/18/1966,Lincoln
44,4:12.20,Don Schollander,USA,,10/15/1964,Tokyo
45,4:12.70,Don Schollander,USA,,7/31/1964,Los Altos
,,,,,,
Women's 400 FR LCM,,,,,,
1,3:56.46,Katie Ledecky,USA,2016 Olympic Games,8/7/2016,Rio
2,3:58.37,Katie Ledecky,USA,2014 Pan Pacific Championships,8/23/2014,Gold Coast
3,3:58.86,Katie Ledecky,USA,2014 Summer Nationals,8/9/2014,Irvine
4,3:59.15,Federica Pellegrini,ITA,2009 World Champs ,7/26/2009,Rome
5,4:00.41,Federica Pellegrini,ITA,,6/27/2009,Pescara
6,4:00.66,Joanne Jackson,GBR,2009 GBR CHAMPS,3/16/2009,Sheffield
7,4:01.53,Federica Pellegrini,ITA,2008 European Champs,3/18/2008,Eindhoven 
8,4:02.13,Laure Manaudou,FRA,2006 European Champs,7/31/2006,Budapest
9,4:03.03,Laure Manaudou,FRA,,5/12/2006,Tours
10,4:03.85,Janet Evans,USA,1988 Olympic Games,9/22/1988,Seoul
11,4:05.45,Janet Evans,USA,1987 Orlando Meet,12/20/1987,Orlando
12,4:06.28,Tracey Wickham,AUS,,8/24/1978,Berlin
13,4:07.66,Kim Linehan,USA,,8/2/1978,Woodlands
14,4:08.91,Petra Thumer,GDR,,8/17/1977,Jonkoping
15,4:09.89,Petra Thumer,GDR,,7/20/1976,Montreal
16,4:11.69,Barbara Krause,GDR,,6/3/1976,Berlin
17,4:14.76,Shirley Babashoff,USA,,6/20/1975,Long Beach
18,4:15.77,Shirley Babashoff,USA,,8/22/1974,Concord
19,4:17.33,Heather Harper,USA,,6/28/1974,Santa Clara
20,4:18.07,Keena Zorovich,USA,,3/22/1973,Louisville
21,4:19.04,Shane Gould,AUS,,8/30/1972,Munich
22,4:21.20,Shane Gould,AUS,,7/9/1971,Santa Clara
23,4:22.60,Karen Moras,AUS,,4/30/1971,London
24,4:24.30,Deborah Meyer,USA,,8/20/1970,Los Angeles
25,4:24.50,Deborah Meyer,USA,,8/25/1968,Los Angeles
26,4:26.70,Deborah Meyer,USA,,8/1/1968,Lincoln
27,4:29.00,Deborah Meyer,USA,,8/18/1967,Philadelphia
28,4:32.60,Deborah Meyer,USA,,7/27/1967,Winnipeg
29,4:36.40,Pamela Kruse,USA,,7/7/1967,Santa Clara
30,4:36.80,Pamela Kruse,USA,,6/30/1967,Ft. Lauderdale
31,4:38.00,Martha Randall,USA,,8/26/1965,Monaco
32,4:39.20,Martha Randall,USA,,8/14/1965,Maumee
,,,,,,
Men's 800 FR LCM,,,,,,
1,7:32.12,Zhang Lin,CHN,2009 World Champs ,7/29/2009,Rome
2,7:38.65,Grant Hackett,AUS,2005 World Champs,7/24/2005,Montreal
3,7:39.16,Ian Thorpe,AUS,2001 World Champs,7/22/2001,Fukuoka
4,7:41.59,Ian Thorpe,AUS,,3/26/2001,Hobart
5,7:46.00,Kieren Perkins,AUS,,8/24/1994,Victoria
1/20/2020 7:18:32 AM,,,Highlighted Record ,,,7
,,,,,,
Rank,Time,Athlete,Swimmer,Meet Name,Swim,Location
,,,Country,,Date,City
Men's 800 FR LCM,,,,,,
6,7:46.60,Kieren Perkins,AUS,,2/14/1992,Sydney
7,7:47.85,Kieren Perkins,AUS,,8/25/1991,Edmonton
8,7:50.64,Vladimir Salnikov,RUS,,7/4/1986,Moscow
9,7:52.33,Vladimir Salnikov,RUS,,7/14/1983,Los Angeles
10,7:52.83,Vladimir Salnikov,RUS,,2/14/1982,Moscow
11,7:56.49,Vladimir Salnikov,RUS,,3/23/1979,Minsk
12,8:01.54,Bobby Hackett,USA,,6/21/1976,Long Beach
13,8:02.91,Stephen Holland,AUS,,2/29/1976,Sydney
14,8:06.27,Stephen Holland,AUS,,2/27/1976,Sydney
15,8:09.60,Tim Shaw,USA,,7/13/1975,Mission Viejo
16,8:13.68,Tim Shaw,USA,,6/21/1975,Long Beach
17,8:15.02,Stephen Holland,AUS,,1/25/1975,Christchurch
18,8:15.20,Stephen Holland,AUS,,1/17/1975,Brisbasne
19,8:15.88,Stephen Holland,AUS,,1/1/1974,Christchuch
20,8:16.27,Stephen Holland,AUS,,9/8/1973,Belgrade
21,8:17.60,Stephen Holland,AUS,,8/5/1973,Brisbane
22,8:23.80,Brad Cooper,AUS,,1/12/1972,Sydney
23,8:28.60,Graham Windeatt,AUS,,4/3/1971,Sydney
24,8:28.80,Mike Burton,USA,,8/11/1969,Louisville
25,8:34.30,Mike Burton,USA,,9/3/1968,Long Beach
26,8:42.00,Francis Luyce,FRA,,7/21/1967,Dinard
27,8:46.80,Alain Mosconi,FRA,,7/5/1967,Monaco
28,8:47.30,John Bennett,AUS,,1/16/1967,Sydney
29,8:47.40,Semyon Belitz-Geyman,RUS,,8/3/1966,Kharkov
30,8:51.50,Murray Rose,AUS,,8/26/1962,Los Altos
,,,,,,
Women's 800 FR LCM,,,,,,
1,8:04.79,Katie Ledecky,USA,2016 Olympic Games,8/12/2016,Rio
2,8:06.68,Katie Ledecky,USA,2016 ST Arena Pro Swim at Austin,1/17/2016,Austin
3,8:07.39,Katie Ledecky,USA,2015 World Champs,8/8/2015,Kazan
4,8:11.00,Katie Ledecky,USA,2014 Woodlands Senior Invite,6/22/2014,Shenandoah
5,8:13.86,Katie Ledecky,USA,2013 World Champs,8/3/2013,Barcelona
6,8:14.10,Rebecca Adlington,GBR,2008 Olympic Games,8/16/2008,Beijing
7,8:16.22,Janet Evans,USA,1989 Pan Pacific Games,8/20/1989,Tokyo
8,8:17.12,Janet Evans,USA,,3/22/1988,Orlando
9,8:19.53,Anke Mohring,GDR,,8/19/1987,Strasbourg
10,8:22.44,Janet Evans,USA,,7/27/1987,Clovis
11,8:24.62,Tracey Wickham,AUS,,8/5/1978,Edmonton
12,8:30.53,Tracey Wickham,AUS,,2/21/1978,Brisbane
13,8:31.30,Michelle Ford,AUS,,1/21/1978,Sydney
14,8:34.86,Michelle Ford,AUS,,1/6/1978,Brisbane
15,8:35.04,Petra Thumer,GDR,,7/9/1977,Laipzig
16,8:37.14,Petra Thumer,GDR,,7/25/1976,Montreal
17,8:39.63,Shirley Babashoff,USA,,6/21/1976,Long Beach
18,8:40.68,Petra Thumer,GDR,,6/4/1976,Berlin
19,8:43.48,Jennifer Turrall,AUS,,3/31/1975,London
20,8:47.50,Jo Ann Harshbarger,USA,,8/25/1974,Concord
21,8:47.66,Jo Ann Harshbarger,USA,,8/25/1974,Concord
22,8:50.10,Jennifer Turrall,AUS,,1/5/1974,Sydney
23,8:52.97,Novella Calligaris,ITA,,9/9/1973,Beograd
1/20/2020 7:18:32 AM,,,Highlighted Record ,,,8
,,,,,,
Rank,Time,Athlete,Swimmer,Meet Name,Swim,Location
,,,Country,,Date,City
Women's 800 FR LCM,,,,,,
24,8:53.68,Keena Rothhammer,USA,,9/3/1972,Munich
25,8:53.83,Jo Ann Harshbarger,USA,,8/6/1972,Chicago
26,8:58.10,Shane Gould,AUS,,12/3/1971,Sydney
27,8:59.37,Ann Simmons,USA,,9/10/1971,Minsk
28,9:02.45,Karen Moras,AUS,,7/18/1970,Edinburgh
29,9:09.10,Karen Moras,AUS,,3/1/1970,Sydney
30,9:10.36,Deborah Meyer,USA,,8/28/1968,Long Beach
31,9:17.80,Deborah Meyer,USA,,8/4/1968,Lincoln
32,9:19.00,Deborah Meyer,USA,,7/21/1968,Los Angeles
33,9:22.90,Deborah Meyer,USA,,7/29/1967,Winnipeg
34,9:35.80,Deborah Meyer,USA,,7/9/1967,Santa Clara
35,9:36.90,Sharon Finneran,USA,,9/28/1964,Los Angeles
36,9:47.30,Patty Caretto,USA,,7/30/1964,Los Altos
37,9:51.60,Carolyn House,USA,,8/26/1962,Los Altos
38,9:55.60,Jane Cederquist,SWE,,8/17/1960,Uppsala
,,,,,,
Men's 1500 FR LCM,,,,,,
1,14:31.02,Sun Yang,CHN,2012 Olympic Games,8/4/2012,London
2,14:34.14,Sun Yang,CHN,2011 World Champs,7/31/2011,Shanghai
3,14:34.56,Grant Hackett,AUS,2001 World Champs,7/29/2001,Fukuoka
4,14:41.66,Kieren Perkins,AUS,,8/24/1994,Victoria
5,14:43.48,Kieren Perkins,AUS,,7/31/1992,Barcelona
6,14:48.40,Kieren Perkins,AUS,,4/5/1992,Canberra
7,14:50.36,Jorg Hoffmann,GER,,1/13/1991,Perth
8,14:54.76,Vladimir Salnikov,RUS,,2/22/1983,Moscow
9,14:56.35,Vladimir Salnikov,RUS,,3/13/1982,Moscow
10,14:58.27,Vladimir Salnikov,RUS,,7/22/1980,Moscow
11,15:02.40,Brian Goodell,USA,,7/20/1976,Montreal
12,15:06.66,Brian Goodell,USA,,6/21/1976,Long Beach
13,15:10.89,Stephen Holland,AUS,,2/27/1976,Sydney
14,15:20.91,Tim Shaw,USA,,6/21/1975,Long Beach
15,15:27.79,Stephen Holland,AUS,,1/25/1975,Christchurch
16,15:31.75,Tim Shaw,USA,,8/25/1974,Concord
17,15:31.85,Stephen Holland,AUS,,9/9/1973,Belgrade
18,15:37.80,Stephen Holland,AUS,,8/5/1973,Brisbane
19,15:52.58,Mike Burton,USA,,9/4/1972,Munich
20,15:52.91,Rick DeMont,USA,,8/6/1972,Chicago
21,15:57.10,John Kinsella,USA,,8/23/1970,Los Angeles
22,16:04.50,Mike Burton,USA,,8/17/1969,Louisville
23,16:08.50,Mike Burton,USA,,9/3/1968,Long Beach
24,16:28.10,Guillermo Echevarria,MEX,,7/7/1968,Santa Clara
25,16:34.10,Mike Burton,USA,,8/13/1967,Oak Park
26,16:41.60,Mike Burton,USA,,8/21/1966,Lincoln
27,16:58.60,Stephen Krause,USA,,8/15/1965,Maumee
28,16:58.70,Roy Saari,USA,,9/2/1964,New York
,,,,,,
Women's 1500 FR LCM,,,,,,
1,15:20.48,Katie Ledecky,USA,2018 Indianapolis PSS,5/16/2018,Indianapolis
2,15:25.48,Katie Ledecky,USA,2015 World Champs,8/4/2015,Kazan
3,15:27.71,Katie Ledecky,USA,2015 World Champs,8/3/2015,Kazan
1/20/2020 7:18:32 AM,,,Highlighted Record ,,,9
,,,,,,
Rank,Time,Athlete,Swimmer,Meet Name,Swim,Location
,,,Country,,Date,City
Women's 1500 FR LCM,,,,,,
4,15:28.36,Katie Ledecky,USA,2014 Pan Pacific Championships,8/24/2014,Gold Coast
5,15:34.23,Katie Ledecky,USA,2014 Woodlands Senior Invite,6/19/2014,Shenandoah
6,15:36.53,Katie Ledecky,USA,2013 World Champs,7/30/2013,Barcelona
7,15:42.54,Kate Ziegler,USA,2007 CA SMC,6/14/2007,Mission Viejo
8,15:52.10,Janet Evans,USA,,3/26/1988,Orlando
9,16:00.73,Janet Evans,USA,,7/31/1987,Clovis
10,16:04.49,Kim Linehan,USA,,8/19/1979,Ft Lauderdale
11,16:06.63,Tracey Wickham,AUS,,2/25/1979,Perth
12,16:14.93,Tracey Wickham,AUS,,2/8/1978,Brisbane
13,16:24.60,Alice Brown,USA,,8/25/1977,Mission Viejo
14,16:33.94,Jennifer Turrall,AUS,,8/25/1974,Concord
15,16:39.28,Jennifer Turrall,AUS,,8/3/1974,Los Angeles
16,16:43.40,Jennifer Turrall,AUS,,7/13/1974,Sydney
17,16:48.20,Jennifer Turrall,AUS,,1/9/1974,Sydney
18,16:49.90,Jennifer Turrall,AUS,,12/9/1973,Sydney
19,16:54.14,Jo Ann Harshbarger,USA,,8/25/1973,Louisville
20,16:56.90,Shane Gould,AUS,,2/11/1973,Adelaide
21,17:00.60,Shane Gould,AUS,,12/12/1971,Sydney
22,17:19.20,Cathy Calhoun,USA,,8/28/1971,Houston
23,17:19.90,Deborah Meyer,USA,,8/17/1969,Loisville
24,17:31.20,Deborah Meyer,USA,,7/21/1968,Los Angeles
25,17:50.20,Deborah Meyer,USA,,8/20/1967,Philadelphia
26,18:11.10,Deborah Meyer,USA,,7/9/1967,Santa Clara
27,18:12.90,Patricia Carreto,USA,,8/21/1966,Lincoln
28,18:23.70,Patricia Carreto,USA,,8/12/1965,Los Altos
29,18:30.50,Patricia Carreto,USA,,7/30/1964,Los Altos
30,18:44.00,Carolyn House,USA,,8/16/1962,Chicago
31,19:02.80,Margareta Rylander,SWE,,6/27/1961,Uppsala
32,19:23.60,Jane Cederquist,SWE,,9/8/1960,Uppsala
33,19:25.70,Isla Konrads,AUS,,1/14/1960,Sydney
34,20:03.10,Jans Koster,NED,,7/27/1957,Holversum
35,20:22.80,Jans Koster,NED,,8/21/1956,Utrecht
,,,,,,
Men's 50 BK LCM,,,,,,
1,24,Kliment Kolesnikov,RUS,2018 European Champs ,8/4/2018,Glasgow
2,24.04,Liam Tancock,GBR,2009 World Champs ,8/2/2009,Rome
3,24.08,Liam Tancock,GBR,2009 World Champs ,8/1/2009,Rome
4,24.33,Randall Bal,USA,,12/5/2008,Einhdoven
5,24.47,Liam Tancock,GBR,,4/2/2008,Sheffield
6,24.8,Thomas Rupprath,GER,,7/27/2003,Barcelona
7,24.99,Lenny Krayzelburg,USA,,8/28/1999,Sydney
8,25.13,Jeff Rouse,USA,,4/15/1993,Edinburgh
9,25.23,Dave Berkoff,USA,,9/24/1988,Seoul
,,,,,,
Women's 50 BK LCM,,,,,,
1,26.98,Liu Xiang,CHN,,8/19/2018,Jakarta
2,27.06,Zhao Jing,CHN,2009 World Champs ,7/30/2009,Rome
3,27.38,Anastasiia Zueva,RUS,,7/29/2009,Rome
4,27.39,Daniela Samulski,GER,,7/29/2009,Rome
5,27.61,Daniela Samulski,GER,2008 Olympic Invite,6/26/2009,Berlin
1/20/2020 7:18:32 AM,,,Highlighted Record ,,,10
,,,,,,
Rank,Time,Athlete,Swimmer,Meet Name,Swim,Location
,,,Country,,Date,City
Women's 50 BK LCM,,,,,,
6,27.67,Sophie Edington,AUS,,3/23/2008,Sydney
6,27.67,Zhao Jing,CHN,2008 Olympic Invite,4/9/2009,Shaoxing
8,27.95,Emily Seebohm,AUS,,3/22/2008,Sydney 
9,28,Hayley McGregory,USA,,3/7/2008,Austin
10,28.09,Yang Ki,CHN,,10/19/2007,Hyderabad
11,28.16,Leila Vaziri,USA,,3/29/2007,Melbourne
11,28.16,Leila Vaziri,USA,,3/28/2007,Melbourne
13,28.19,Janine Pietsch,GER,,5/25/2005,Berlin
14,28.25,Sandra Volker,GER,,6/17/2000,Berlin
15,28.67,Mai Nakamura,JPN,,4/25/2000,Tokyo
16,28.69,Nina Zhivanevskaya,ESP,,4/8/2000,Madrid
17,28.71,Sandra Volker,GER,,8/1/1999,Istanbul
18,28.78,Sandra Volker,GER,,6/12/1999,Monte Carlo
19,29,Sandra Volker,GER,,5/24/1997,Monte Carlo
,,,,,,
Men's 100 BK LCM,,,,,,
1,51.85,Ryan Murphy,USA,2016 Olympic Games,8/13/2016,Rio
2,51.94,Aaron Peirsol,USA,2009 USA Swimming National Champs,7/8/2009,Indianapolis
3,52.38,Aschwin Wildeboer ,,,,Pescara
,,Faber,ESP,,7/1/2009,
4,52.54,Aaron Peirsol,USA,2008 Olympic Games,8/12/2008,Beijing
5,52.89,Aaron Peirsol,USA,2008 Olympic Trials,7/1/2008,Omaha
6,52.98,Aaron Peirsol,USA,2007 World Champs,3/27/2007,Melbourne
7,53.17,Aaron Peirsol,USA,2005 World Championship Trials,4/2/2005,Indianapolis
8,53.45,Aaron Peirsol,USA,2004 Olympic Games,8/21/2004,Athens
9,53.6,Lenny Krayzelburg,USA,1999 Pan Pac,8/24/1999,Sydney
10,53.86,Jeff Rouse,USA,,7/31/1992,Barcelona
11,53.93,Jeff Rouse,USA,,8/25/1991,Edmonton
12,54.51,Dave Berkoff,USA,,9/24/1988,Seoul
13,54.91,Dave Berkoff,USA,,8/13/1988,Austin
14,54.95,Dave Berkoff,USA,,8/13/1988,Austin
15,55,Igor Poliansky,RUS,,7/16/1988,Moscow
16,55.16,Igor Poliansky,RUS,,3/16/1988,Tallinn
17,55.17,Igor Poliansky,RUS,,3/15/1988,Tallinn
18,55.19,Rick Carey,USA,,8/21/1983,Caracas
19,55.38,Rick Carey,USA,,8/6/1983,Clovis
20,55.44,Rick Carey,USA,,8/6/1983,Clovis
21,55.49,John Naber,USA,,7/19/1976,Montreal
22,56.19,John Naber,USA,,7/18/1976,Montreal
23,56.3,Roland Matthes,GDR,,9/4/1972,Munich
23,56.3,Roland Matthes,GDR,,4/8/1972,Moscow
25,56.6,Roland Matthes,GDR,,4/8/1972,Moscow
26,56.7,Roland Matthes,GDR,,9/4/1971,Leipzig
27,56.9,Roland Matthes,GDR,,9/8/1970,Barcelona
28,57.8,Roland Matthes,GDR,,8/23/1969,Wurzburg
29,58,Roland Matthes,GDR,,10/26/1968,Mexico City
30,58.4,Roland Matthes,GDR,,9/21/1967,Leipzig
31,59.1,Charles Hickcox,USA,,8/31/1967,Tokyo
32,59.3,Charles Hickcox,USA,,8/28/1967,Tokyo
33,59.5,Douglas Russel,USA,,8/28/1967,Tokyo
1/20/2020 7:18:32 AM,,,Highlighted Record ,,,11
,,,,,,
Rank,Time,Athlete,Swimmer,Meet Name,Swim,Location
,,,Country,,Date,City
Men's 100 BK LCM,,,,,,
34,59.6,Thompson Mann,USA,,10/16/1964,Tokyo
35,1:00.00,Thompson Mann,USA,,9/3/1964,New York
,,,,,,
Women's 100 BK LCM,,,,,,
1,57.57,Regan Smith,   ,2019 World Champs,7/28/2019,Gwangju
2,58,Kathleen Baker,USA,2018 Summer Nationals,7/28/2018,Irvine
3,58.1,Kylie Masse,CAN,2017 World Champs,7/25/2017,Budapest
4,58.12,Gemma Spofforth,GBR,2009 World Champs ,7/28/2009,Rome
5,58.48,Anastasiia Zueva,RUS,,7/27/2009,Rome
6,58.77,Kirsty Coventry,ZIM,2008 Olympic Games,8/9/2008,Beijing
7,58.97,Natalie Hall,USA,2008 Olympic Trials,6/29/2008,Omaha
8,59.03,Natalie Hall,USA,2008 Olympic Trials,6/29/2008,Omaha
9,59.15,Hayley McGregory,USA,2008 Olympic Trials,6/29/2008,Omaha
10,59.21,Natalie Hall,USA,2008 Missouri Grand Prix,2/15/2008,Columbia
11,59.44,Natalie Hall,USA,2007 World Champs,3/27/2007,Melbourne
12,59.58,Natalie Hall,USA,2002 US Phillips 66 Nationals,8/13/2002,Ft.Lauderdale
13,1:00.16,He Cihong,CHN,,9/10/1994,Roma
14,1:00.31,Krisztina Egerszegi,HUN,,8/22/1991,Athens
15,1:00.59,Ina Kleber,GDR,,8/24/1984,Moscow
16,1:00.86,Rica Reinisch,GDR,,7/23/1980,Moscow
17,1:01.50,Rica Reinisch,GDR,,7/22/1980,Moscow
18,1:01.51,Rica Reinisch,GDR,,7/20/1980,Moscow
18,1:01.51,Ulrike Richter,GDR,,6/5/1976,Berlin
20,1:01.62,Kornelia Ender,GDR,,6/3/1976,Berlin
21,1:02.60,Ulrike Richter,GDR,,3/14/1976,Tallin
22,1:02.98,Ulrike Richter,GDR,,9/1/1974,Concord
23,1:03.08,Ulrike Richter,GDR,,8/24/1974,Vienna
24,1:03.30,Ulrike Richter,GDR,,8/23/1974,Vienna
25,1:04.09,Ulrike Richter,GDR,,8/22/1974,Vienna
26,1:04.43,Ulrike Richter,GDR,,7/8/1974,Rostock
27,1:04.78,Wendy Cook,CAN,,1/31/1974,Christchurch
28,1:04.99,Ulrike Richter,GDR,,9/4/1973,Belgrade
29,1:05.39,Ulrike Richter,GDR,,8/18/1973,Utrecht
30,1:05.60,Karen Muir,RSA,,7/6/1969,Utrecht
31,1:06.20,Kaye Hall,USA,,10/23/1968,Mexico City
32,1:06.40,Karen Muir,RSA,,4/6/1968,Paris
33,1:06.70,Karen Muir,RSA,,1/30/1968,Kimberley
34,1:07.10,Elaine Tanner,CAN,,7/30/1967,Winnipeg
35,1:07.30,Elaine Tanner,CAN,,7/27/1967,Winnipeg
36,1:07.40,Ann Fairlie,RSA,,7/23/1966,Beziers
37,1:07.70,Cathy Ferguson,USA,,10/14/1964,Tokyo
,,,,,,
Men's 200 BK LCM,,,,,,
1,1:51.92,Aaron Peirsol,USA,2009 World Champs ,7/31/2009,Rome
2,1:53.08,Aaron Peirsol,USA,2009 USA Swimming National Champs,7/11/2009,Indianapolis
3,1:53.94,Ryan Lochte,USA,2008 Olympic Games,8/9/2008,Beijing
4,1:54.32,Ryan Lochte,USA,2007 World Champs,3/25/2007,Melbourne
4,1:54.32,Aaron Peirsol,USA,2008 Olympic Trials,6/29/2008,Omaha
6,1:54.44,Aaron Peirsol,USA,2006 Pan Pacific Champs,8/17/2006,Victoria
7,1:54.66,Aaron Peirsol,USA,2005 World Champs,7/29/2005,Montreal
1/20/2020 7:18:32 AM,,,Highlighted Record ,,,12
,,,,,,
Rank,Time,Athlete,Swimmer,Meet Name,Swim,Location
,,,Country,,Date,City
Men's 200 BK LCM,,,,,,
8,1:54.74,Aaron Peirsol,USA,2004 US Olympic Trials,7/12/2004,Long Beach
9,1:55.15,Aaron Peirsol,USA,2002 Phillips66 Spring Nationals,3/20/2002,Minneapolis
10,1:55.87,Lenny Krayzelburg,USA,,8/27/1999,Sydney
11,1:56.57,Martin Zubero,ESP,,11/23/1991,Tuscaloosa
12,1:57.30,Martin Zubero,ESP,,8/13/1991,FtLauderdale
13,1:58.14,Igor Poliansky,RUS,,3/3/1985,Erfurt
14,1:58.41,Sergey Zabolotnov,RUS,,8/21/1984,Moscow
15,1:58.86,Rick Carey,USA,,6/27/1984,Indianapolis
16,1:58.93,Rick Carey,USA,,8/3/1983,Clovis
17,1:59.19,John Naber,USA,,7/24/1976,Montreal
18,2:00.64,John Naber,USA,,6/19/1976,Long Beach
19,2:01.87,Roland Matthes,GDR,,9/6/1973,Belgrade
20,2:02.80,Roland Matthes,GDR,,7/10/1972,Leipzig
21,2:02.82,Roland Matthes,GDR,,9/2/1972,Munich
22,2:05.60,Roland Matthes,GDR,,9/3/1971,Leipzig
23,2:06.10,Roland Matthes,GDR,,9/11/1970,Barcelona
24,2:06.30,Michael Stamm,USA,,8/20/1970,Los Angeles
25,2:06.40,Roland Matthes,GDR,,8/29/1969,Berlin
26,2:06.60,Gary Hall,USA,,8/14/1969,Louisville
27,2:07.40,Roland Matthes,GDR,,7/12/1969,Santa Clara
28,2:07.50,Roland Matthes,GDR,,8/14/1968,Leipzig
29,2:07.90,Roland Matthes,GDR,,11/8/1967,Leipzig
30,2:09.40,Charles Hickcox,USA,,8/29/1967,Tokyo
31,2:10.30,Jed Graeff,USA,,10/13/1964,Tokyo
32,2:10.90,Thomas Stock,USA,,8/10/1962,Cuyahoga Falls
33,2:11.50,Thomas Stock,USA,,8/20/1961,Los Angeles
34,2:13.20,Thomas Stock,USA,,7/2/1961,Chicago
,,,,,,
Women's 200 BK LCM,,,,,,
1,2:03.35,Regan Smith,USA,2019 World Champs,7/26/2019,Gwangju
2,2:04.06,Missy Franklin,USA,2012 Olympic Games,8/3/2012,London
3,2:04.81,Kirsty Coventry,ZIM,2009 World Champs ,8/1/2009,Rome
4,2:05.24,Kirsty Coventry,ZIM,2008 Olympic Games,8/9/2008,Beijing
5,2:06.09,Margaret Hoelzer,USA,2008 Olympic Trials,6/29/2008,Omaha
6,2:06.39,Kirsty Coventry,ZIM,2008 Missouri Grand Prix,2/15/2008,Columbia
7,2:06.62,Krisztina Egerszegi,HUN,1991 US European Championships,8/25/1991,Athens
8,2:08.60,Betsy Mitchell,USA,,6/27/1986,Orlando
9,2:09.91,Cornelia Sirch,GDR,,8/7/1982,Guayaquil
10,2:11.77,Rica Reinisch,GDR,,7/27/1980,Moscow
11,2:11.93,Linda Jezek,USA,,8/24/1978,Berlin
12,2:12.47,Birgit Treiber,GDR,,6/4/1976,Berlin
13,2:13.50,Antje Stille,GDR,,3/13/1976,Tallin
14,2:14.41,Antje Stille,GDR,,2/29/1976,Berlin
15,2:15.46,Birgit Treiber,GDR,,7/25/1975,Cali
16,2:16.10,Birgit Treiber,GDR,,6/6/1975,Wittenberg
17,2:16.33,Nancy Garapick,CAN,,4/27/1975,Brantford
18,2:17.35,Ulrike Richter,GDR,,8/25/1974,Vienna
19,2:18.41,Ulrike Richter,GDR,,7/7/1974,Rostock
20,2:19.19,Melissa Belote,USA,,9/4/1972,Munich
21,2:20.58,Melissa Belote,USA,,9/4/1972,Munich
1/20/2020 7:18:32 AM,,,Highlighted Record ,,,13
,,,,,,
Rank,Time,Athlete,Swimmer,Meet Name,Swim,Location
,,,Country,,Date,City
Women's 200 BK LCM,,,,,,
22,2:20.64,Melissa Belote,USA,,8/5/1972,Chicago
23,2:21.50,Susie Atwood,USA,,8/14/1969,Louisville
24,2:23.80,Karen Muir,RSA,,7/21/1968,Los Angeles
25,2:24.10,Karen Muir,RSA,,1/6/1968,Kimberley
26,2:24.40,Elaine Tanner,CAN,,6/26/1967,Winnipeg
27,2:26.40,Karen Muir,RSA,,8/18/1966,Lincoln
28,2:27.10,Karen Muir,RSA,,7/25/1966,Beziers
29,2:27.40,Cathy Ferguson,USA,,9/28/1964,Los Angeles
30,2:28.20,Satoko Tanaka,JPN,,8/4/1963,Tokyo
31,2:28.50,Satoko Tanaka,JPN,,2/21/1963,Perth
32,2:28.90,Satoko Tanaka,JPN,,2/18/1963,Perth
33,2:29.60,Satoko Tanaka,JPN,,2/10/1963,Sydney
34,2:31.60,Satoko Tanaka,JPN,,7/29/1962,Osaka
35,2:32.10,Satoko Tanaka,JPN,,6/3/1962,Beppu
36,2:33.20,Satoko Tanaka,JPN,,7/30/1961,Tokyo
37,2:33.30,Satoko Tanaka,JPN,,7/23/1960,Tokyo
38,2:33.50,Lynn Burke,USA,,7/15/1960,Indianapolis
39,2:34.80,Satoko Tanaka,JPN,,4/2/1960,Tokyo
40,2:37.10,Satoko Tanaka,JPN,,7/12/1959,Tokyo
,,,,,,
Men's 50 BR LCM,,,,,,
1,25.95,Adam Peaty,GBR,,7/25/2017,Budapest
2,26.1,Adam Peaty,GBR,,7/25/2017,Budapest
3,26.42,Adam Peaty,GBR,2015 World Champs,8/4/2015,Kazan
4,26.62,Adam Peaty,GBR,,8/18/2014,Berlin
4,26.62,Cameron van der Burgh,RSA,,8/4/2015,Kazan
6,26.67,Cameron van der Burgh,RSA,2009 World Champs ,7/29/2009,Rome
7,26.74,Cameron van der Burgh,RSA,2009 World Champs ,7/26/2009,Rome
8,26.89,Felipe Franca,BRA,,5/8/2009,Rio de Janeiro
9,27.06,Cameron van der Burgh,RSA,,4/18/2009,Durban
10,27.18,Oleg Lisogor,UKR,,8/2/2002,Berlin
11,27.39,Ed Moses,USA,,3/31/2001,Austin
12,27.49,Anthony Robinson,USA,,3/29/2001,Austin
13,27.61,Alexander Dzhaburiya,UKR,,4/27/1996,Kharkov
14,27.82,Mark Warnecke,FRG,,5/25/1995,Warendork
15,28.05,Dmitri Volkov,RUS,,6/25/1989,Canet
,,,,,,
Women's 50 BR LCM,,,,,,
1,29.4,Lilly King,USA,,7/30/2017,Budapest
2,29.48,Ruta Meilutyte,LTU,2013 World Champs,8/3/2013,Barcelona
3,29.78,Yulia Efimova,RUS,2013 World Champs,8/3/2013,Barcelona
4,29.8,Jessica Hardy,USA,2009 U. S. Open,8/7/2009,Federal Way
5,29.95,Jessica Hardy,USA,,8/6/2009,Federal Way
6,30.09,Yulia Efimova,RUS,,8/2/2009,Rome
7,30.23,Amanda Reason,CAN,2008 Olympic Invite,7/8/2009,Montreal
8,30.31,Jade Edmistone,,2006 AUS Commonwealth Games ,,Melbourne
,,,AUS,Trials,1/30/2006,
9,30.45,Jade Edmistone,AUS,,7/31/2005,Montreal
10,30.57,Zoe Baker,GBR,,7/30/2002,Manchester
11,30.83,Penelope Heyns,RSA,,8/28/1999,Sydney
1/20/2020 7:18:32 AM,,,Highlighted Record ,,,14
,,,,,,
Rank,Time,Athlete,Swimmer,Meet Name,Swim,Location
,,,Country,,Date,City
Men's 100 BR LCM,,,,,,
12,30.95,Penelope Heyns,RSA,,8/1/1998,New York
,,,,,,
Men's 100 BR LCM,,,,,,
1,56.88,Adam Peaty,GBR,2019 World Champs,7/21/2019,Gwangju
2,57.1,Adam Peaty,GBR,2018 European Champs ,8/4/2018,Glasgow
3,57.13,Adam Peaty,GBR,2016 Olympic Games,8/7/2016,Rio
4,57.55,Adam Peaty,GBR,,8/6/2016,Rio de Janeiro
5,57.92,Adam Peaty,GBR,British Swimming Championships 2015,4/17/2015,London
6,58.46,Cameron van der Burgh,RSA,2012 Olympic Games,7/29/2012,London
7,58.58,Brenton Rickard,AUS,2009 World Champs ,7/27/2009,Rome
8,58.91,Kosuke Kitajima,JPN,2008 Olympic Games,8/9/2008,Beijing
9,59.13,Brendan Hansen,USA,2006 CA ConocoPhillips Nats,8/1/2006,Irvine
10,59.3,Brendan Hansen,USA,2004 US Olympic Trials,7/7/2004,Long Beach
11,59.78,Kosuke Kitajima,JPN,2003 World Champs,7/21/2003,Barcelona
12,59.94,Roman Sloudnov,RUS,2001 World Champs,7/23/2001,Fukuoka
13,59.97,Roman Sloudnov,RUS,,6/29/2001,Moscow
14,1:00.26,Roman Sloudnov,RUS,,6/28/2001,Moscow
15,1:00.29,Ed Moses,USA,,3/28/2001,Austin
16,1:00.36,Roman Sloudnov,RUS,,6/15/2000,Moscow
17,1:00.60,Fred Deburghgraeve,BEL,,7/20/1996,Atlanta
18,1:00.95,Karoly Guttler,HUN,,8/3/1993,Sheffield
19,1:01.29,Norbert Rozsa,HUN,,8/20/1991,Rome
20,1:01.45,Vasily Ivanov,RUS,,6/11/1991,Moscow
20,1:01.45,Norbert Rozsa,HUN,,1/7/1991,Perth
22,1:01.49,Adrian Moorhouse,GBR,,7/26/1990,London
22,1:01.49,Adrian Moorhouse,GBR,,1/25/1990,Auckland
22,1:01.49,Adrian Moorhouse,GBR,,8/15/1989,Bonn
22,1:01.49,Norbert Rozsa,HUN,,1/7/1991,Perth
26,1:01.65,Steve Lundquist,USA,,7/29/1984,Los Angeles
27,1:02.13,John Moffet,USA,,6/25/1984,Indianapolis
28,1:02.28,Steve Lundquist,USA,,8/17/1983,Caracas
29,1:02.34,Steve Lundquist,USA,,8/6/1983,Clovis
30,1:02.53,Steve Lundquist,USA,,8/21/1982,Indianapolis
31,1:02.62,Steve Lundquist,USA,,7/19/1982,Mission Viejo
32,1:02.86,Gerald Morken,GER,,8/18/1977,Jonkoping
33,1:03.11,John Hencken,USA,,7/20/1976,Montreal
34,1:03.62,John Hencken,USA,,7/19/1976,Montreal
35,1:03.88,John Hencken,USA,,7/19/1976,Montreal
35,1:03.88,John Hencken,USA,,8/31/1974,Concord
37,1:04.02,John Hencken,USA,,9/4/1973,Belgrade
38,1:04.35,John Hencken,USA,,9/4/1973,Belgrade
39,1:04.94,Nobutaka Taguchi,JPN,,8/30/1972,Munich
40,1:05.13,Nobutaka Taguchi,JPN,,8/29/1972,Munich
41,1:05.68,John Hencken,USA,,8/29/1972,Munich
,,,,,,
Women's 100 BR LCM,,,,,,
1,1:04.13,Lilly King,USA,2017 World Champs,7/25/2017,Budapest
2,1:04.35,Ruta Meilutyte,LTU,2013 World Champs,7/29/2013,Barcelona
3,1:04.45,Jessica Hardy,USA,2009 U. S. Open,8/7/2009,Federal Way
4,1:04.84,Rebecca Soni,USA,2009 World Champs ,7/26/2009,Rome
1/20/2020 7:18:32 AM,,,Highlighted Record ,,,15
,,,,,,
Rank,Time,Athlete,Swimmer,Meet Name,Swim,Location
,,,Country,,Date,City
Women's 100 BR LCM,,,,,,
5,1:05.09,Leisel Jones,AUS,2006 Common Wealth Games,3/20/2006,Melbourne
6,1:05.71,Leisel Jones,AUS,,2/3/2006,Melbourne
7,1:06.20,Jessica Meichtry,USA,2005 World Champs,7/24/2005,Montreal
8,1:06.37,Leisel Jones,AUS,2003 World Champs,7/22/2003,Barcelona
9,1:06.52,Penelope Heyns,RSA,1999 US Pan Pacific Champs,8/23/1999,Sydney
10,1:06.95,Penelope Heyns,RSA,,7/18/1999,Los Angeles
11,1:06.99,Penelope Heyns,RSA,,7/18/1999,Los Angeles
12,1:07.02,Penelope Heyns,RSA,,7/21/1996,Atlanta
13,1:07.46,Penelope Heyns,RSA,,3/4/1996,Durban
14,1:07.69,Samantha Riley,AUS,,9/9/1994,Rome
15,1:07.91,Silke Horner,GDR,,8/21/1987,Strasbourg
16,1:08.11,Sylvia Gerasch,GDR,,8/21/1986,Madrid
17,1:08.29,Sylvia Gerasch,GDR,,8/23/1984,Moscow
18,1:08.51,Ute Geweniger,GDR,,8/25/1983,Rome
19,1:08.60,Ute Geweniger,GDR,,9/8/1981,Split
20,1:09.39,Ute Geweniger,GDR,,7/2/1981,East Berlin
21,1:09.52,Ute Geweniger,GDR,,4/9/1981,Gera
22,1:10.11,Ute Geweniger,GDR,,7/24/1980,Moscow
23,1:10.20,Ute Geweniger,GDR,,5/26/1980,Magdeburg
24,1:10.31,Yuliya Bogdanova,URS,,8/22/1978,Berlin
25,1:10.86,Anke Hannelore,GDR,,7/22/1976,Montreal
26,1:11.11,Anke Hannelore,GDR,,7/22/1976,Montreal
27,1:11.93,Carola Nitschke,GDR,,6/2/1976,Berlin
28,1:12.28,Renate Vogel,GDR,,9/1/1974,Concord
29,1:12.55,Cristel Justen,FRG,,8/22/1974,Vienna
30,1:12.91,Renate Vogel,GDR,,8/22/1974,Vienna
31,1:13.58,Catherine Carr,USA,,9/2/1972,Munich
32,1:14.20,Catherine Ball,USA,,8/25/1968,Los Angeles
33,1:14.60,Catherine Ball,USA,,8/19/1967,Philadelphia
34,1:14.80,Catherine Ball,USA,,7/31/1967,Winnipeg
35,1:15.60,Catherine Ball,USA,,7/7/1967,Santa Clara
35,1:15.60,Catherine Ball,USA,,12/28/1966,Ft Lauderdale
37,1:15.70,Svetlana Galina,URS,,7/17/1966,Leningrad
38,1:16.50,Svetlana Babanina,URS,,5/11/1965,Tashkent
39,1:17.20,Svetlana Babanina,URS,,9/3/1964,Moscow
40,1:17.90,Claudia Kolb,USA,,7/11/1964,Los Angeles
41,1:18.20,Barbara Gobel,GDR,,7/1/1961,Rostock
42,1:19.00,Ursela Kuper,GDR,,7/14/1960,Leipzig
43,1:19.10,Wiltrud Urselmann,FRG,,3/12/1960,Zurich
44,1:19.60,Karin Beyer,GDR,,9/12/1958,Leipzig
45,1:20.30,Karin Beyer,GDR,,7/20/1958,Berlin
,,,,,,
Men's 200 BR LCM,,,,,,
1,2:06.12,Anton Chupkov,RUS,2019 World Champs,7/26/2019,Gwangju
2,2:06.67,Ippei Watanabe,JPN,10th Tokyo Swimming Championships,1/27/2017,Tokyo
2,2:06.67,Matthew Wilson,AUS,2019 World Champs,7/25/2019,Gwangju
4,2:07.01,Akihiro Yamaguchi,,67th Japan National Sports Festival - ,,Gifu
,,,JPN,Swimming Com,9/15/2012,
5,2:07.28,Daniel Gyurta,HUN,2012 Olympic Games,7/28/2012,London
6,2:07.31,Christian Sprenger,AUS,2009 World Champs ,7/30/2009,Rome
1/20/2020 7:18:32 AM,,,Highlighted Record ,,,16
,,,,,,
Rank,Time,Athlete,Swimmer,Meet Name,Swim,Location
,,,Country,,Date,City
Men's 200 BR LCM,,,,,,
7,2:07.51,Kosuke Kitajima,JPN,2008 RUS Invite,6/1/2008,Tokyo
8,2:08.50,Brendan Hansen,USA,2006 Pan Pacific Champs,8/17/2006,Victoria
9,2:08.74,Brendan Hansen,USA,2006 CA ConocoPhillips Nats,8/1/2006,Irvine
10,2:09.04,Brendan Hansen,USA,2004 US Olympic Trials,7/11/2004,Long Beach
11,2:09.42,Kosuke Kitajima,JPN,2003 World Champs,7/24/2003,Barcelona
12,2:09.52,Dmitry Komornikov,RUS,,6/15/2003,Barcelona
13,2:09.97,Kosuke Kitajima,JPN,,10/2/2002,Buson
14,2:10.16,Mike Barrowman,USA,,7/29/1992,Barcelona
15,2:10.60,Mike Barrowman,USA,,8/13/1991,FtLauderdale
16,2:11.23,Mike Barrowman,USA,,1/11/1991,Perth
17,2:11.53,Mike Barrowman,USA,,7/20/1990,Seattle
18,2:12.89,Mike Barrowman,USA,,8/20/1989,Tokyo
19,2:12.90,Mike Barrowman,USA,,8/4/1989,Los Angeles
19,2:12.90,Nick Gillingham,GBR,,8/19/1989,Bonn
21,2:13.34,Victor Davis,CAN,,8/2/1984,Los Angeles
22,2:14.58,Victor Davis,CAN,,6/17/1984,Etobicoke
23,2:14.77,Victor Davis,CAN,,8/5/1982,Guayaquil
24,2:15.11,David Wilkie,GBR,,7/24/1976,Montreal
25,2:18.21,John Hencken,USA,,9/1/1974,Concord
26,2:18.93,John Hencken,USA,,8/24/1974,Concord
27,2:19.28,David Wilkie,GBR,,9/6/1973,Belgrade
28,2:20.52,John Hencken,USA,,8/24/1973,Louisville
29,2:21.55,John Hencken,USA,,9/2/1972,Munich
30,2:22.79,John Hencken,USA,,8/5/1972,Chicago
31,2:23.50,Brian Job,USA,,8/22/1970,Los Angeles
32,2:25.40,Nikolai Pankin,RUS,,4/19/1969,Magdeburg
33,2:26.50,Nikolai Pankin,RUS,,3/22/1969,Minsk
34,2:27.40,Vladimir Kosinsky,RUS,,4/3/1968,Kaley
35,2:27.80,Ian O'Brien,AUS,,10/15/1965,Tokyo
36,2:28.20,Chet Jastremski,USA,,8/30/1964,New York
37,2:29.60,Chet Jastremski,USA,,8/19/1961,Los Angeles
,,,,,,
Women's 200 BR LCM,,,,,,
1,2:19.11,Rikke Pedersen,DEN,2013 World Champs,8/1/2013,Barcelona
2,2:19.59,Rebecca Soni,USA,2012 Olympic Games,8/2/2012,London
3,2:20.00,Rebecca Soni,USA,,8/1/2012,London
4,2:20.12,Annamay Pierse,CAN,2009 World Champs ,7/30/2009,Rome
5,2:20.22,Rebecca Soni,USA,2008 Olympic Games,8/9/2008,Beijing
6,2:20.54,Leisel Jones,,2006 AUS Commonwealth Games ,,Melbourne
,,,AUS,Trials,1/29/2006,
7,2:21.72,Leisel Jones,AUS,2005 World Champs,7/24/2005,Montreal
8,2:22.44,Amanda Beard,USA,2004 US Olympic Trials,7/7/2004,Long Beach
9,2:22.96,Leisel Jones,AUS,,7/10/2004,Brisbane
10,2:22.99,Amanda Beard,USA,2003 World Champs,7/25/2003,Barcelona
10,2:22.99,Qi Hui,CHN,2001 Chinese Nationals,4/13/2001,Hangzhou
12,2:23.64,Penelope Heyns,RSA,,8/27/1999,Sydney
13,2:24.42,Penelope Heyns,RSA,,8/26/1999,Sydney
14,2:24.51,Penelope Heyns,RSA,,7/17/1999,Los Angeles
15,2:24.69,Penelope Heyns,RSA,,7/17/1999,Los Angeles
16,2:24.76,Rebecca Brown,AUS,,3/15/1994,Queensland
1/20/2020 7:18:32 AM,,,Highlighted Record ,,,17
,,,,,,
Rank,Time,Athlete,Swimmer,Meet Name,Swim,Location
,,,Country,,Date,City
Women's 200 BR LCM,,,,,,
17,2:25.35,Anita Nall,USA,,3/2/1992,Indianapolis
18,2:25.92,Anita Nall,USA,,3/2/1992,Indianapolis
19,2:26.71,Silke Horner,GDR,,9/21/1988,Seoul
20,2:27.27,Allison Higson,CAN,,5/28/1988,Montreal
21,2:27.40,Silke Horner,GDR,,8/18/1986,Madrid
22,2:28.20,Sylvia Gerasch,GDR,,3/1/1986,Leningrad
23,2:28.33,Silke Horner,GDR,,6/5/1985,Liepzieg
24,2:28.36,Lina Kachusite,URS,,4/6/1979,Potsdam
25,2:31.09,Svetlana Varganova,URS,,3/30/1979,Minsk
26,2:31.42,Lina Kachusite,URS,,8/24/1978,Berlin
27,2:33.11,Lina Kachusite,URS,,8/24/1978,Berlin
28,2:33.32,Yuliya Bogdanova,URS,,4/7/1978,Leningrad
29,2:33.35,Marina Koshevaia,URS,,7/21/1976,Montreal
30,2:34.99,Karla Linke,GDR,,8/19/1974,Vienna
31,2:37.44,Karla Linke,GDR,,8/19/1974,Vienna
32,2:37.89,Anne-Katrin Schott,GDR,,7/6/1974,Rostock
33,2:38.50,Catherine Ball,USA,,8/26/1986,Los Angeles
34,2:39.50,Catherine Ball,USA,,8/20/1967,Philadelphia
35,2:40.50,Catherine Ball,USA,,7/9/1967,Santa Clara
36,2:40.80,Galina ,,,,Utrecht
,,Prosumenschikova,URS,,8/22/1966,
37,2:43.00,Irina Pozdyakova,URS,,7/16/1966,Moscow
38,2:44.60,Galina ,,,,Moscow
,,Prosumenschikova,URS,,3/23/1966,
39,2:45.30,Galina ,,,,Groningen
,,Prosumenschikova,URS,,9/12/1965,
40,2:45.40,Galina ,,,,Berlin
,,Prosumenschikova,URS,,5/17/1964,
41,2:47.70,Galina ,,,,Blackpool
,,Prosumenschikova,URS,,4/11/1964,
42,2:48.00,Karin Beyer,GDR,,8/5/1961,Budapest
43,2:49.50,Anita Lonsborough,GBR,,8/27/1960,Rome
44,2:50.20,Wiltrud Urselmann,GDR,,6/6/1960,Aachen
,,,,,,
Men's 50 FL LCM,,,,,,
1,22.27,Andrii Govorov,UKR,2018 Sette Colli Trophy,7/1/2018,Rome
2,22.43,Rafael Munoz,ESP,2008 Olympic Invite,4/5/2009,Malaga
3,22.96,Roland Schoeman,RSA,,7/25/2005,Montreal
4,23.01,Roland Schoeman,RSA,,7/24/2005,Montreal
5,23.3,Ian Crocker,USA,,2/29/2004,Austin
6,23.43,Matt Welsh,AUS,,7/21/2003,Barcelona
7,23.44,Geoff Huegill,AUS,,7/27/2001,Fukuoka
8,23.6,Geoff Huegill,AUS,,3/26/2000,Sydney
9,23.68,Denis Pankratov,RUS,,8/11/1996,Mulhouse
,,,,,,
Women's 50 FL LCM,,,,,,
1,24.43,Sarah Sjostrom,SWE,Swedish Championships,7/5/2014,Boras
2,25.07,Therese Alshammar,SWE,2009 World Champs ,7/31/2009,Rome
3,25.33,Marleen Veldhuis,NED,2008 Olympic Invite,4/19/2009,Amsterdam
4,25.46,Therese Alshammar,SWE,,6/13/2007,Barcelona
5,25.57,Anna-Karin Kammerling,SWE,,7/30/2002,Berlin
6,25.64,Inge De Bruijn,NED,,5/26/2000,Sheffield
1/20/2020 7:18:32 AM,,,Highlighted Record ,,,18
,,,,,,
Rank,Time,Athlete,Swimmer,Meet Name,Swim,Location
,,,Country,,Date,City
Women's 50 FL LCM,,,,,,
7,25.83,Inge De Bruijn,NED,,5/20/2000,Monte Carlo
8,26.29,Anna-Karin Kammerling,SWE,,7/27/1999,Istanbul
9,26.39,Anna-Karin Kammerling,SWE,,7/9/1999,Halmstad
10,26.54,Inge De Bruijn,NED,,6/27/1996,Amersfoort
,,,,,,
Men's 100 FL LCM,,,,,,
1,49.5,Caeleb Dressel,USA,2019 World Champs,7/26/2019,Gwangju
2,49.82,Michael Phelps,USA,2009 World Champs ,8/1/2009,Rome
3,50.01,Milo Cavic,SRB,2009 World Champs ,7/26/2009,Rome
4,50.22,Michael Phelps,USA,2009 USA Swimming National Champs,7/9/2009,Indianapolis
5,50.4,Ian Crocker,USA,2005 World Champs,7/30/2005,Montreal
6,50.76,Ian Crocker,USA,2004 US Olympic Trials,7/13/2004,Long Beach
7,50.98,Ian Crocker,USA,2003 World Champs,7/26/2003,Barcelona
8,51.47,Michael Phelps,USA,2003 World Champs,7/25/2003,Barcelona
9,51.76,Andriy Serdinov,UKR,2003 World Champs,7/25/2003,Barcelona
10,51.81,Michael Klim,AUS,1999 Canberra Invitational,12/12/1999,Canberra
11,52.03,Michael Klim,AUS,,12/10/1999,Canberra
12,52.15,Michael Klim,AUS,,10/9/1997,Brisbane
13,52.27,Denis Pankratov,RUS,,7/24/1996,Atlanta
14,52.32,Denis Pankratov,RUS,,8/23/1995,Vienna
15,52.84,Pablo Morales,USA,,6/23/1986,Orlando
16,53.08,Michael Gross,GER,,7/30/1984,Los Angeles
17,53.38,Pablo Morales,USA,,6/26/1984,Indianapolis
18,53.44,Matt Gribble,USA,,8/6/1983,Clovis
19,53.81,William Paulus,USA,,4/3/1981,Austin
20,54.15,Par Arvidsson,USA,,4/11/1980,Austin
21,54.18,Joseph Bottom,USA,,8/27/1977,Berlin
22,54.27,Mark Spitz,USA,,8/31/1972,Munich
23,54.56,Mark Spitz,USA,,8/4/1972,Chicago
24,54.72,Mark Spitz,USA,,8/4/1972,Chicago
25,55,Mark Spitz,USA,,8/25/1971,Houston
26,55.6,Mark Spitz,USA,,8/30/1968,Long Beach
27,55.7,Mark Spitz,USA,,10/7/1967,Berlin
28,56.3,Douglas Russel,USA,,8/29/1967,Tokyo
28,56.3,Mark Spitz,USA,,7/31/1967,Winnipeg
30,57,Luis Nicolai,ARG,,4/27/1962,Rio de Janeiro
31,58.4,Luis Nicolai,ARG,,4/24/1962,Rio de Janeiro
32,58.6,Fred Schmidt,USA,,8/20/1961,Los Angeles
33,58.7,Lance Larson,USA,,7/24/1960,Toledo
34,59,Lance Larson,USA,,6/29/1960,Los Angeles
,,,,,,
Women's 100 FL LCM,,,,,,
1,55.48,Sarah Sjostrom,SWE,2016 Olympic Games,8/7/2016,Rio
2,55.64,Sarah Sjostrom,SWE,2015 World Champs,8/3/2015,Kazan
3,55.74,Sarah Sjostrom,SWE,2015 World Champs,8/2/2015,Kazan
4,55.98,Dana Vollmer,USA,2012 Olympic Games,7/29/2012,London
5,56.06,Sarah Sjostrom,SWE,2009 World Champs ,7/27/2009,Rome
6,56.44,Sarah Sjostrom,SWE,,7/26/2009,Rome
7,56.61,Inge De Bruijn,NED,2000 Olympic Games,8/1/2000,Sydney
8,56.64,Inge De Bruijn,NED,2000 PN Senior Regional,7/20/2000,Federal Way
1/20/2020 7:18:32 AM,,,Highlighted Record ,,,19
,,,,,,
Rank,Time,Athlete,Swimmer,Meet Name,Swim,Location
,,,Country,,Date,City
Women's 100 FL LCM,,,,,,
9,56.69,Inge De Bruijn,NED,,5/28/2000,Sheffield
10,57.88,Jenny Thompson,USA,,8/23/1999,Sydney
11,57.93,Mary Meagher,USA,,8/16/1981,Brown Deer
12,59.26,Mary Meagher,USA,,4/11/1980,Austin
13,59.46,Andrea Pollack,GDR,,7/3/1978,Berlin
14,59.78,Christiane Knacke,GDR,,8/28/1977,Berlin
15,1:00.13,Kornelia Ender,GDR,,6/4/1976,Berlin
15,1:00.13,Kornelia Ender,GDR,,7/22/1976,Montreal
17,1:01.24,Kornelia Ender,GDR,,7/24/1975,Cali
18,1:01.33,Kornelia Ender,GDR,,6/9/1975,Wittenberg
19,1:01.88,Rosemarie Kother,GDR,,9/1/1974,Concord
20,1:01.99,Rosemarie Kother,GDR,,8/22/1974,Vienna
21,1:02.09,Rosemarie Kother,GDR,,8/21/1974,Vienna
22,1:02.31,Kornelia Ender,GDR,,7/14/1973,Berlin
23,1:03.05,Kornelia Ender,GDR,,4/14/1973,Berlin
24,1:03.34,Mayumi Aoki,JPN,,9/1/1972,Munich
25,1:03.80,Andrea Gyarmati,HUN,,8/31/1972,Munich
26,1:03.90,Mayumi Aoki,JPN,,7/21/1972,Tokyo
27,1:04.10,Alice Jones,USA,,8/20/1970,Los Angeles
28,1:04.50,Ada Kok,NED,,8/14/1965,Budapest
29,1:04.70,Sharon Stouder,USA,,8/16/1964,Tokyo
30,1:05.10,Ada Kok,NED,,5/30/1964,Blackpool
31,1:06.10,Ada Kok,NED,,9/1/1963,Soestduinen
32,1:06.50,Kathy Ellis,USA,,8/16/1963,High Point
33,1:07.30,Mary Stewart,CAN,,7/28/1962,Vancouver
34,1:07.80,Susan Doerr,USA,,8/12/1961,Philadelphia
35,1:08.20,Susan Doerr,USA,,8/12/1961,Philadelphia
36,1:08.80,Mary Stewart,CAN,,8/12/1961,Philadelphia
37,1:08.90,Janice Andrew,AUS,,4/2/1961,Tokyo
38,1:09.10,Nancy Ramey,USA,,9/2/1959,Chicago
39,1:09.60,Nancy Ramey,USA,,6/28/1958,Los Angeles
40,1:10.50,Atie Voorbij,NED,,8/4/1957,Rhenen
40,1:10.50,Atie Voorbij,NED,,11/12/1956,Hilversum
42,1:11.80,Shelley Mann,USA,,7/7/1956,Tyler
,,,,,,
Men's 200 FL LCM,,,,,,
1,1:50.73,Kristof Milak,HUN,2019 World Champs,7/24/2019,Gwangju
2,1:51.51,Michael Phelps,USA,2009 World Champs ,7/29/2009,Rome
3,1:52.03,Michael Phelps,USA,2008 Olympic Games,8/13/2008,Beijing
4,1:52.09,Michael Phelps,USA,2007 World Champs,3/28/2007,Melbourne
5,1:53.71,Michael Phelps,USA,2007 MV Mizzou Grand Prix,3/28/2007,Melbourne
6,1:53.80,Michael Phelps,USA,2006 Pan Pacific Champs,8/17/2006,Victoria
7,1:53.93,Michael Phelps,USA,2003 World Champs,7/22/2003,Barcelona
8,1:54.58,Michael Phelps,USA,2001 World Champs,7/24/2001,Fukuoka
9,1:54.92,Michael Phelps,USA,2001 Spring Nationals,3/30/2001,Austin
10,1:55.18,Tom Malchow,USA,2000 US Charlotte UltraSwim,6/17/2000,Charlotte
11,1:55.22,Denis Pankratov,RUS,,6/14/1995,Canet
12,1:55.69,Mel Stewart,USA,,1/12/1991,Perth
13,1:56.24,Michael Gross,FRG,,6/28/1986,Hannover
14,1:56.65,Michael Gross,FRG,,8/10/1985,Sofia
1/20/2020 7:18:32 AM,,,Highlighted Record ,,,20
,,,,,,
Rank,Time,Athlete,Swimmer,Meet Name,Swim,Location
,,,Country,,Date,City
Men's 200 FL LCM,,,,,,
15,1:57.01,Michael Gross,FRG,,6/29/1985,Wuppertal
16,1:57.04,Jon Sieben,AUS,,8/3/1984,Los Angeles
17,1:57.05,Michael Gross,FRG,,8/26/1983,Rome
18,1:58.01,Craig Beardsley,USA,,8/22/1981,Kiey
19,1:58.21,Craig Beardsley,USA,,7/30/1980,Irvine
20,1:59.23,Mike Bruner,USA,,7/18/1976,Montreal
21,1:59.63,Roger Pyttel,FRG,,6/3/1976,Berlin
22,2:00.21,Roger Pyttel,FRG,,6/3/1976,Berlin
23,2:00.70,Mark Spitz,USA,,8/28/1972,Munich
24,2:01.53,Mark Spitz,USA,,8/2/1972,Chicago
25,2:01.87,Mark Spitz,USA,,8/2/1972,Chicago
26,2:03.30,Hans-Joachim ,,,,Landskrona
,,Fassnacht,FRG,,8/31/1971,
27,2:03.90,Mark Spitz,USA,,8/27/1971,Houston
28,2:05.00,Gary Hall,USA,,8/22/1970,Los Angeles
29,2:05.40,Mark Spitz,USA,,8/22/1970,Los Angeles
30,2:05.70,Mark Spitz,USA,,10/8/1967,Berlin
31,2:06.00,John Ferris,USA,,8/30/1967,Tokyo
32,2:06.40,Mark Spitz,USA,,8/12/1967,Oak Park
32,2:06.40,Mark Spitz,USA,,7/26/1967,Winnipeg
34,2:06.60,Kevin Berry,AUS,,10/18/1964,Tokyo
35,2:06.90,Kevin Berry,AUS,,3/29/1964,Sydney
36,2:08.20,Carl Robie,USA,,3/18/1963,Tokyo
,,,,,,
Women's 200 FL LCM,,,,,,
1,2:01.81,Liu Zige,CHN,2009 CHN International,10/21/2009,Jinan
2,2:03.41,Jessicah Schipper,AUS,2009 World Champs ,7/26/2009,Rome
3,2:04.14,Mary Descenza,USA,2009 World Champs ,7/26/2009,Rome
4,2:04.18,Liu Zige,CHN,2008 Olympic Games,8/14/2008,Beijing
5,2:05.40,Jessicah Schipper,AUS,2006 Pan Pacific Champs,8/17/2006,Victoria
6,2:05.61,Otylia Jedrzejczak,POL,2005 World Champs,7/28/2005,Montreal
7,2:05.78,Otylia Jedrzejczak,POL,2002 US European Champs,8/4/2002,Berlin
8,2:05.81,Susie O'Neill,AUS,,5/21/2000,Sydney
9,2:05.96,Mary Meagher,USA,,8/13/1981,Brown Beer
10,2:06.37,Mary Meagher,USA,,7/7/1980,Irvine
11,2:07.01,Mary Meagher,USA,,8/6/1979,FtLauderdale
12,2:08.41,Mary Meagher,USA,,8/6/1979,FtLauderdale
13,2:09.77,Mary Meagher,USA,,7/7/1979,San Juan
14,2:09.87,Tracy Caulkins,USA,,8/26/1978,Berlin
14,2:09.87,Andrea Pollack,GDR,,7/4/1978,Berlin
16,2:11.20,Andrea Pollack,GDR,,4/9/1978,Leningrad
17,2:11.22,Rosemarie Gabriel,GDR,,6/5/1976,Berlin
18,2:12.84,Rosemarie Gabriel,GDR,,6/4/1976,Berlin
19,2:13.60,Rosemarie Gabriel,GDR,,3/14/1976,Tallinn
20,2:13.76,Rosemarie Kother,GDR,,9/8/1973,Belgrade
21,2:15.45,Rosemarie Kother,GDR,,9/8/1973,Belgrade
22,2:15.57,Karen Moe,USA,,9/4/1972,Munich
23,2:16.62,Karen Moe,USA,,9/10/1972,Chicago
24,2:18.40,Ellie Daniel,USA,,8/28/1971,Houston
24,2:18.40,Ellie Daniel,USA,,9/10/1971,Houston
1/20/2020 7:18:32 AM,,,Highlighted Record ,,,21
,,,,,,
Rank,Time,Athlete,Swimmer,Meet Name,Swim,Location
,,,Country,,Date,City
Women's 200 FL LCM,,,,,,
26,2:18.60,Karen Moe,USA,,8/7/1971,Santa Clara
27,2:19.30,Alice Jones,USA,,8/22/1970,Los Angeles
28,2:20.70,Karen Moe,USA,,7/11/1970,Santa Clara
29,2:21.00,Ada Kok,NED,,8/25/1967,Blackpool
30,2:22.50,Ada Kok,NED,,8/2/1967,Groningen
31,2:25.30,Ada Kok,NED,,9/12/1965,Groningen
32,2:25.80,Ada Kok,NED,,8/21/1965,Leiden
33,2:26.30,Kendis Drake,USA,,8/15/1965,Maumee
34,2:26.40,Sharon Stouder,USA,,8/2/1964,Los Altos
35,2:28.10,Sharon Stouder,USA,,7/12/1964,Los Angeles
36,2:29.10,Sue Anderson,USA,,7/27/1963,Philadelphia
37,2:30.70,Sharon Finneran,USA,,8/28/1962,Los Altos
38,2:31.20,Sharon Finneran,USA,,8/19/1962,Chicago
39,2:32.80,Rebecca Collins,USA,,8/13/1961,Philadelphia
,,,,,,
Men's 200 IM LCM,,,,,,
1,1:54.00,Ryan Lochte,USA,2011 World Champs,7/28/2011,Shanghai
2,1:54.10,Ryan Lochte,USA,2009 World Champs ,7/26/2009,Rome
3,1:54.23,Michael Phelps,USA,2008 Olympic Games,8/9/2008,Beijing
4,1:54.80,Michael Phelps,USA,2008 Olympic Trials,7/4/2008,Omaha
5,1:54.98,Michael Phelps,USA,2007 World Champs,3/29/2007,Melbourne
6,1:55.84,Michael Phelps,USA,2006 Pan Pacific Champs,8/20/2006,Victoria
7,1:55.94,Michael Phelps,USA,2003 ConocoPhillips Nationals,8/9/2003,College Park
8,1:56.04,Michael Phelps,USA,2003 World Champs,7/25/2003,Barcelona
9,1:57.52,Michael Phelps,USA,2003 World Champs,7/24/2003,Barcelona
10,1:57.94,Michael Phelps,,2003 PC Santa Clara XXXVI ,,Santa Clara
,,,USA,International,6/29/2003,
11,1:58.16,Jani Sievinen,FIN,,9/11/1994,Rome
12,1:59.36,Tamas Darnyi,HUN,,1/13/1991,Perth
13,2:00.11,Dave Wharton,USA,,8/20/1989,Tokyo
14,2:00.17,Tamas Darnyi,HUN,,9/25/1988,Seoul
15,2:00.56,Tamas Darnyi,HUN,,8/23/1987,Strasbourg
16,2:01.42,Alex Baumann,CAN,,8/4/1984,Los Angeles
17,2:02.25,Alex Baumann,CAN,,6/17/1984,Toronto
18,2:02.78,Alex Baumann,CAN,,7/29/1981,Heidelberg
19,2:03.01,Jeremy Reingold,RSA,,9/26/1980,Cape Town
20,2:03.24,Bill Barrett,USA,,8/1/1980,Irvine
21,2:03.29,Jesse Vassallo,USA,,7/6/1979,San Juan
22,2:03.65,Graham Smith,CAN,,8/24/1978,Berlin
23,2:04.39,Steve Lundquist,USA,,8/2/1978,Woodlands
24,2:05.24,Oleksandr Sydorenko,RUS,,7/9/1978,Moscow
25,2:05.31,Graham Smith,CAN,,8/4/1977,Montreal
26,2:06.08,Bruce Furniss,USA,,8/23/1975,Kansas City
27,2:06.32,Steven Furniss,USA,,9/1/1974,Concord
27,2:06.32,David Wilkie,GBR,,8/24/1974,Vienna
29,2:07.17,Gunnar Larsson,SWE,,9/3/1972,Munich
30,2:09.30,Gary Hall,USA,,8/6/1972,Chicago
30,2:09.30,Gunnar Larsson,SWE,,9/12/1970,Barcelona
32,2:09.50,Gary Hall,USA,,8/23/1970,Los Angeles
33,2:09.60,Gary Hall,USA,,8/17/1969,Louisville
1/20/2020 7:18:32 AM,,,Highlighted Record ,,,22
,,,,,,
Rank,Time,Athlete,Swimmer,Meet Name,Swim,Location
,,,Country,,Date,City
Men's 200 IM LCM,,,,,,
34,2:10.60,Charles Hickcox,USA,,8/31/1968,Long Beach
35,2:11.30,Greg Buckingham,USA,,8/23/1967,Oak Park
36,2:12.40,Greg Buckingham,USA,,8/21/1966,Lincoln
,,,,,,
Women's 200 IM LCM,,,,,,
1,2:06.12,Katinka Hosszu,HUN,2015 World Champs,8/3/2015,Kazan
2,2:06.15,Ariana Kukors,USA,2009 World Champs ,7/27/2009,Rome
3,2:07.03,Ariana Kukors,USA,2009 World Champs ,7/26/2009,Rome
4,2:08.45,Stephanie Rice,AUS,2008 Olympic Games,8/13/2008,Beijing
5,2:08.92,Stephanie Rice,AUS,2008 AUS Olympic Trials,3/25/2008,Sydney
6,2:09.72,Wu Yanyan,CHN,1997 US Chinese National Games,10/17/1997,Shanghai
7,2:11.65,Lin Li,CHN,,7/30/1992,Barcelona
8,2:11.73,Ute Geweniger,GDR,,7/4/1981,Berlin
9,2:13.00,Petra Schneider,GDR,,5/24/1980,Magdeburg
10,2:13.69,Tracy Caulkins,USA,,1/5/1980,Austin
11,2:14.07,Tracy Caulkins,USA,,8/20/1978,West Berlin
12,2:15.09,Tracy Caulkins,USA,,8/2/1978,Woodlands
13,2:15.85,Ulrike Tauber,GDR,,8/28/1977,Berlin
14,2:15.95,Ulrike Tauber,GDR,,8/20/1977,Jonkoping
15,2:16.96,Ulrike Tauber,GDR,,7/10/1977,Leipzig
16,2:17.14,Kornelia Ender,GDR,,6/5/1976,Berlin
17,2:18.30,Ulrike Tauber,GDR,,3/12/1976,Tallinn
18,2:18.83,Ulrike Tauber,GDR,,6/10/1975,Wittenberg
19,2:18.97,Ulrike Tauber,GDR,,8/18/1974,Vienna
20,2:20.51,Andrea Hubner,GDR,,9/4/1973,Belgrade
21,2:23.01,Kornelia Ender,GDR,,4/13/1973,Berlin
22,2:23.07,Shane Gould,AUS,,8/28/1972,Munich
23,2:23.50,Claudia Kolb,USA,,8/25/1968,Los Angeles
24,2:25.00,Claudia Kolb,USA,,8/18/1967,Philadelphia
25,2:26.10,Claudia Kolb,USA,,7/30/1967,Winnipeg
26,2:27.50,Claudia Kolb,USA,,7/8/1967,Santa Clara
27,2:27.80,Claudia Kolb,USA,,8/21/1966,Lincoln
,,,,,,
Men's 400 IM LCM,,,,,,
1,4:03.84,Michael Phelps,USA,2008 Olympic Games,8/10/2008,Beijing
2,4:05.25,Michael Phelps,USA,2008 Olympic Trials,6/29/2008,Omaha
3,4:06.22,Michael Phelps,USA,2007 World Champs,4/1/2007,Melbourne
4,4:08.26,Michael Phelps,USA,2004 Olympic Games,8/14/2004,Athens
5,4:08.41,Michael Phelps,USA,2004 US Olympic Trials,7/7/2004,Long Beach
6,4:09.09,Michael Phelps,USA,2003 World Champs,7/27/2003,Barcelona
7,4:10.73,Michael Phelps,USA,2003 Mutual of Omaha Duel in the Pool ,4/6/2003,Indianapolis
8,4:11.09,Michael Phelps,USA,2002 US Phillips 66 Nationals,8/15/2002,FtLauderdale
9,4:11.76,Tom Dolan,USA,2000 Olympic Games,9/17/2000,Sydney
10,4:12.30,Tom Dolan,USA,,9/6/1994,Rome
11,4:12.36,Tamas Darnyi,HUN,,1/8/1991,Perth
12,4:14.75,Tamas Darnyi,HUN,,9/21/1988,Seoul
13,4:15.42,Tamas Darnyi,HUN,,8/19/1987,Strasbourg
14,4:16.12,Dave Wharton,USA,,8/14/1987,Brisbane
15,4:17.41,Alex Baumann,CAN,,7/30/1984,Los Angeles
16,4:17.53,Alex Baumann,CAN,,6/17/1984,Etobicoke
1/20/2020 7:18:32 AM,,,Highlighted Record ,,,23
,,,,,,
Rank,Time,Athlete,Swimmer,Meet Name,Swim,Location
,,,Country,,Date,City
Men's 400 IM LCM,,,,,,
17,4:19.61,Jens-Peter Berndt,GDR,,5/23/1984,Magdeburg
18,4:19.78,Ricardo Prado,BRA,,8/2/1982,Guayaquil
19,4:20.05,Jesse Vassallo,USA,,8/22/1978,Berlin
20,4:23.39,Jesse Vassallo,USA,,8/4/1978,Woodlands
21,4:23.68,Rodney Strachan,USA,,7/25/1976,Montreal
22,4:26.00,Zoltan Verraszto,HUN,,4/2/1976,Long Beach
23,4:28.89,Hargitay Andras,HUN,,8/20/1974,Vienna
24,4:30.81,Gary Hall,USA,,8/3/1972,Chicago
25,4:31.00,Gary Hall,USA,,8/21/1970,Los Angeles
26,4:33.90,Gary Hall,USA,,8/15/1969,Louisville
27,4:38.70,Gary Hall,USA,,7/11/1969,Santa Clara
28,4:39.00,Charles Hickcox,USA,,8/30/1968,Long Beach
29,4:43.30,Charles Hickcox,USA,,8/30/1968,Long Beach
30,4:43.40,Gary Hall,USA,,7/20/1968,Los Angeles
31,4:45.10,Greg Buckingham,USA,,7/6/1968,Santa Clara
32,4:45.30,Andrei Dunaev,RUS,,4/3/1968,Tallinen
33,4:45.40,Dick Roth,USA,,10/14/1964,Tokyo
34,4:48.60,Dick Roth,USA,,7/31/1964,Los Altos
35,4:50.20,Gerhard Hetz,GDR,,10/12/1963,Moscow
36,4:51.00,Ted Stickles,USA,,7/12/1962,Louisville
37,4:51.40,Ted Stickles,USA,,6/30/1962,Chicago
38,4:53.80,Gerhard Hetz,GDR,,5/24/1962,Moscow
39,4:55.60,Ted Stickles,USA,,8/18/1961,Los Angeles
40,5:04.30,Ted Stickles,USA,,7/1/1961,Chicago
,,,,,,
Women's 400 IM LCM,,,,,,
1,4:26.36,Katinka Hosszu,HUN,2016 Olympic Games,8/6/2016,Rio
2,4:28.43,Ye Shiwen,CHN,2012 Olympic Games,7/28/2012,London
3,4:29.45,Stephanie Rice,AUS,2008 Olympic Games,8/10/2008,Beijing
4,4:31.12,Katie Hoff,USA,2008 Olympic Trials,6/29/2008,Omaha
5,4:31.46,Stephanie Rice,AUS,2008 AUS Olympic Trials,3/22/2008,Sydney
6,4:32.89,Katie Hoff,USA,2007 World Champs,4/1/2007,Melbourne
7,4:33.59,Yana Klochkova,UKR,2000 Olympic Games,9/16/2000,Sydney
8,4:34.79,Chen Yan,CHN,,10/13/1997,Shanghai
9,4:36.10,Petra Schneider,GDR,,8/1/1982,Guayaquil
10,4:36.29,Petra Schneider,GDR,,7/26/1980,Moscow
11,4:38.44,Petra Schneider,GDR,,5/27/1980,Magdeburg
12,4:39.96,Petra Schneider,GDR,,3/30/1980,Leningrad
13,4:40.83,Tracy Caulkins,USA,,8/23/1978,West Berlin
14,4:42.77,Ulrike Tauber,GDR,,7/24/1976,Montreal
15,4:48.79,Birgit Treiber,GDR,,6/1/1976,Berlin
16,4:52.20,Ulrike Tauber,GDR,,6/7/1975,Wittenberg
17,4:52.42,Ulrike Tauber,GDR,,8/21/1974,Vienna
18,4:57.51,Gudrum Wegner,GDR,,9/6/1973,Belgrade
19,5:01.10,Angela Franke,GDR,,8/18/1973,Utrecht
20,5:02.97,Gail Neall,AUS,,8/31/1972,Munich
21,5:04.70,Claudia Kolb,USA,,8/24/1968,Los Angeles
22,5:08.20,Claudia Kolb,USA,,8/19/1967,Philadelphia
23,5:09.70,Claudia Kolb,USA,,8/1/1967,Winnipeg
24,5:11.70,Claudia Kolb,USA,,7/9/1967,Santa Clara
1/20/2020 7:18:32 AM,,,Highlighted Record ,,,24
,,,,,,
Rank,Time,Athlete,Swimmer,Meet Name,Swim,Location
,,,Country,,Date,City
Women's 400 IM LCM,,,,,,
25,5:14.90,Donna de Varona,USA,,8/30/1964,New York
26,5:16.50,Donna de Varona,USA,,3/10/1964,Lima
27,5:21.90,Sharon Finneran,USA,,7/28/1962,Osaka
28,5:24.70,Donna de Varona,USA,,7/26/1962,Osaka
29,5:27.40,Sharon Finneran,USA,,7/26/1962,Osaka
30,5:29.70,Donna de Varona,USA,,6/2/1962,Los Altos
31,5:34.50,Donna de Varona,USA,,8/11/1961,Philadelphia
32,5:36.50,Donna de Varona,USA,,7/15/1960,Indianapolis
,,,,,,
Men's 400 FR-R LCM,,,,,,
1,3:08.24,Michael Phelps,USA,,8/11/2008,Beijing
,,,,,,
Women's 400 FR-R LCM,,,,,,
1,3:30.05,Shayna Jack,AUS,,4/5/2018,Gold Coast
2,3:30.65,Emma McKeon,,,8/6/2016,Rio
3,3:30.98,Bronte Campbell,AUS,,7/24/2014,Glasgow
4,3:31.72,Inge Dekker,NED,,7/26/2009,Rome
,,,,,,
Mixed 400 FR-R LCM,,,,,,
1,3:19.40,Caeleb Dressel,USA,,7/27/2019,Gwangju
2,3:19.60,Caeleb Dressel,USA,,7/29/2017,Budapest
3,3:23.05,Ryan Lochte,USA,,8/8/2015,Kazan
,,,,,,
Men's 800 FR-R LCM,,,,,,
1,6:58.55,Michael Phelps,USA,,7/31/2009,Rome
,,,,,,
Women's 800 FR-R LCM,,,,,,
1,7:41.50,Ariarne Titmus,AUS,,7/28/2019,Gwangju
2,7:42.08,Yang Yu,CHN,,7/30/2009,Rome
,,,,,,
Men's 400 MED-R LCM,,,,,,
1,3:27.28,Aaron Peirsol,USA,,8/2/2009,Rome
,,,,,,
Women's 400 MED-R LCM,,,,,,
1,3:50.40,Regan Smith,USA,,7/28/2019,Gwangju
2,3:51.55,Kathleen Baker,USA,,7/30/2017,Budapest
3,3:52.05,Missy Franklin,USA,,8/4/2012,London
,,,,,,
Mixed 400 MED-R LCM,,,,,,
1,3:38.56,Matt Grevers,USA,,7/26/2017,Budapest
2,3:40.28,Ryan Murphy,USA,,7/26/2017,Budapest
3,3:41.71,Chris Walker-Hebborn,GBR,,8/5/2015,Kazan
4,3:42.33,Ryan Murphy,USA,,8/5/2015,Kazan
