Rank,Time,Athlete,Country,Meet Name,Swim,Location
Men's 50 FR LCM,,,,,,
1,20.91,Cesar Cielo,BRA,2009 BRA Open,12/18/2009,Sao Paulo
2,20.94,Fred Bousquet,FRA,,4/26/2009,Montpellier
3,21.28,Eamon Sullivan,AUS,2008 AUS Olympic Trials,3/28/2008,Sydney
4,21.41,Eamon Sullivan,AUS,,3/27/2008,Sydney
5,21.5,Alain Bernard,FRA,2008 European Champs,3/23/2008,Eindhoven
6,21.56,Eamon Sullivan,AUS,,2/17/2008,Sydney
7,21.64,Alexander Popov,RUS,2000 Time Trial,6/16/2000,Moscow
8,21.81,Tom Jager,USA,,3/24/1990,Nashville
9,21.98,Tom Jager,USA,,3/24/1990,Nashville
10,22.12,Tom Jager,USA,,8/20/1989,Tokyo
11,22.14,Matt Biondi,USA,,9/24/1988,Seoul
12,22.18,Peter Williams,RSA,,4/10/1988,Indianapolis
13,22.23,Tom Jager,USA,,3/25/1988,Orlando
14,22.32,Tom Jager,USA,,8/13/1987,Brisbane
15,22.33,Matt Biondi,USA,,7/30/1987,Clovis
15,22.33,Matt Biondi,USA,,6/26/1986,Orlando
17,22.4,Tom Jager,USA,,12/6/1985,Austin
18,22.52,Dano Halsall,SUI,,7/21/1985,Bellinzona
19,22.54,Robin Leamy,USA,,8/15/1981,Brown Deer
20,22.71,Joseph Bottom,USA,,8/15/1980,Honolulu
21,22.83,Joseph Bottom,USA,,8/15/1980,Honolulu
21,22.83,Bruce Stahl ,USA,,4/10/1980,Austin
23,22.96,Rowdy Gaines,USA,,4/10/1980,Austin
24,23.12,Chris Cavanaugh,USA,,4/10/1980,Austin
25,23.66,Chris Cavanaugh,USA,,2/2/1980,Amersfoort
26,23.7,Klaus Steinbach,GER,,7/23/1979,Freiburg
27,23.72,Ron Manganiello,USA,,7/29/1978,Miami
28,23.74,Joseph Bottom,USA,,7/3/1977,Etobicoke
29,23.86,Jonty Skinner,RSA,,8/14/1976,Philadelphia
,,,,,,
Women's 50 FR LCM,,,,,,
1,23.67,Sarah Sjostrom,SWE,,7/29/2017,Budapest
2,23.73,Britta Steffen,GER,2009 World Champs ,8/2/2009,Rome
3,23.96,Marleen Veldhuis,NED,2008 Olympic Invite,4/19/2009,Amsterdam
4,23.97,Libby Trickett,AUS,2008 AUS Olympic Trials,3/27/2008,Sydney
5,24.09,Marleen Veldhuis,NED,2008 European Champs,3/18/2008,Eindhoven 
6,24.13,Inge De Bruijn,NED,2000 Olympic Games,8/1/2000,Sydney
7,24.39,Inge De Bruijn,NED,,6/10/2000,Rio de Janeiro
8,24.48,Inge De Bruijn,NED,,6/4/2000,Amsterdam
9,24.51,Inge De Bruijn,NED,,5/27/2000,Sheffield
9,24.51,Le Jingyi,CHN,1994 US World Championships,9/11/1994,Rome
11,24.79,Yang Wenji,CHN,,7/31/1992,Barcelona
12,24.98,Yang Wenji,CHN,,4/11/1988,Canton
13,25.28,Tamara Costache,BUL,,8/23/1986,Madrid
,,,,,,
Men's 100 FR LCM,,,,,,
1,46.91,Cesar Cielo,BRA,2009 World Champs ,7/30/2009,Rome
2,46.94,Alain Bernard,FRA,,4/23/2009,Montpellier
3,47.05,Eamon Sullivan,AUS,2008 Olympic Games,8/13/2008,Beijing
4,47.2,Alain Bernard,FRA,2008 Olympic Games,8/13/2008,Beijing
1/20/2020 7:18,,,Highlighted Record ,,,2
,,,,,,
Rank,Time,Athlete,Swimmer,Meet Name,Swim,Location
,,,Country,,Date,City
Men's 100 FR LCM,,,,,,
5,47.24,Eamon Sullivan,AUS,2008 Olympic Games,8/11/2008,Beijing
6,47.5,Alain Bernard,FRA,2008 European Champs,3/22/2008,Eindhoven
7,47.6,Alain Bernard,FRA,2008 European Champs,3/21/2008,Eindhoven
8,47.84,Pieter Van Den ,,2000 Olympic Games,,Sydney
,,Hoogenband,NED,,9/19/2000,
9,48.18,Michael Klim,AUS,2000 Olympic Games Relay Leadoff,9/16/2000,Sydney
10,48.21,Alexander Popov,RUS,,6/18/1994,Monte Carlo
11,48.42,Matt Biondi,USA,,8/10/1988,Austin
12,48.74,Matt Biondi,USA,,6/24/1986,Orlando
13,48.95,Matt Biondi,USA,,8/6/1985,Mission Viejo
14,49.24,Matt Biondi,USA,,8/6/1985,Mission Viejo
15,49.36,Rowdy Gaines,USA,,4/3/1981,Austin
16,49.44,Jonty Skinner,RSA,,8/14/1976,Philadelphia
17,49.99,Jim Montgomery,USA,,7/25/1976,Montreal
18,50.39,Jim Montgomery,USA,,7/24/1976,Montreal
19,50.59,Jim Montgomery,USA,,8/23/1975,Kansas City
20,51.11,Andrew Coan,USA,,8/3/1975,FtLauderdale
21,51.12,Jim Montgomery,USA,,6/21/1975,Long Beach
22,51.22,Mark Spitz,USA,,9/3/1972,Munich
23,51.47,Mark Spitz,USA,,8/5/1972,Chicago
24,51.94,Mark Spitz,USA,,8/23/1970,Los Angeles
25,52.2,Michael Wenden,AUS,,10/19/1968,Mexico City
26,52.6,Kenneth Walsh,USA,,7/27/1967,Winnipeg
26,52.6,Zac Zorn,USA,,9/2/1968,Long Beach
28,52.9,Alain Gottvalles,FRA,,9/13/1964,Budapest
29,53.6,Manuel Dos Santos,BRA,,9/20/1961,Rio de Janeiro
30,54.4,Steve Clark,USA,,8/18/1961,Los Angeles
31,54.6,John Devitt,AUS,,1/28/1957,Brisbane
32,55.2,John Devitt,AUS,,1/19/1957,Sydney
33,55.4,Jon Henricks,AUS,,11/30/1956,Melbourne
,,,,,,
Women's 100 FR LCM,,,,,,
1,51.71,Sarah Sjostrom,SWE,2017 World Champs,7/23/2017,Budapest
2,52.06,Cate Campbell,AUS,,7/2/2016,Brisbane
3,52.07,Britta Steffen,GER,2009 World Champs ,7/31/2009,Rome
4,52.22,Britta Steffen,GER,,7/26/2009,Rome
5,52.56,Britta Steffen,GER,,6/27/2009,Berlin
6,52.85,Britta Steffen,GER,,6/25/2009,Berlin
7,52.88,Libby Trickett,AUS,2008 AUS Olympic Trials,3/27/2008,Sydney
8,53.3,Britta Steffen,GER,,8/2/2006,Budapest
9,53.42,Libby Trickett,AUS,2006 AUS Commonwealth Gms Trials,1/30/2006,Melbourne
10,53.52,Jodie Henry,AUS,,8/18/2004,Athens
11,53.66,Libby Trickett,AUS,,3/31/2004,Sydney
12,53.77,Inge De Bruijn,NED,2000 Olympic Games,8/1/2000,Sydney
13,53.8,Inge De Bruijn,NED,,5/29/2000,Sheffield
14,54.01,Le Jingyi,CHN,1994 US World Championships,9/5/1994,Rome
15,54.48,Jenny Thompson,USA,,3/1/1992,Indianapolis
16,54.73,Kristin Otto,GDR,,8/19/1986,Madrid
17,54.79,Barbara Krause,GDR,,7/21/1980,Moscow
18,54.98,Barbara Krause,GDR,,7/20/1980,Moscow
1/20/2020 7:18,,,Highlighted Record ,,,3
,,,,,,
Rank,Time,Athlete,Swimmer,Meet Name,Swim,Location
,,,Country,,Date,City
Women's 100 FR LCM,,,,,,
19,55.41,Barbara Krause,GDR,,7/5/1978,Berlin
20,55.65,Kornelia Ender,GDR,,7/19/1976,Montreal
21,55.73,Kornelia Ender,GDR,,6/6/1976,Berlin
22,56.22,Kornelia Ender,GDR,,7/26/1975,Cali
23,56.38,Kornelia Ender,GDR,,3/14/1975,Dresden
24,56.96,Kornelia Ender,GDR,,8/19/1974,Vienna
25,57.51,Kornelia Ender,GDR,,7/4/1974,Rostock
26,57.54,Kornelia Ender,GDR,,9/9/1973,Belgrade
27,57.61,Kornelia Ender,GDR,,9/8/1973,Belgrade
28,58.12,Kornelia Ender,GDR,,8/18/1973,Utrecht
29,58.25,Kornelia Ender,GDR,,7/13/1973,Berlin
30,58.5,Shane Gould,AUS,,1/8/1972,Sydney
31,58.9,Dawn Fraser,AUS,,2/29/1964,Sydney
31,58.9,Shane Gould,AUS,,4/30/1971,London
33,59.5,Dawn Fraser,AUS,,11/24/1962,Perth
34,59.9,Dawn Fraser,AUS,,10/27/1962,Melbourne
35,01:00.0,Dawn Fraser,AUS,,10/23/1962,Melbourne
36,01:00.2,Dawn Fraser,AUS,,2/23/1960,Sydney
37,01:01.2,Dawn Fraser,AUS,,8/10/1958,Schiedam
38,01:01.4,Dawn Fraser,AUS,,7/21/1958,Cardiff
39,01:01.5,Dawn Fraser,AUS,,2/18/1958,Melbourne
40,01:02.0,Dawn Fraser,AUS,,12/1/1956,Melbourne
41,01:02.4,Loraine Crapp,AUS,,12/1/1956,Melbourne
42,01:03.2,Loraine Crapp,AUS,,10/25/1956,Sydney
43,01:03.3,Dawn Fraser,AUS,,8/25/1956,Townsville
,,,,,,
Men's 200 FR LCM,,,,,,
1,01:42.0,Paul Biedermann,GER,2009 World Champs ,7/28/2009,Rome
2,01:43.0,Michael Phelps,USA,2008 Olympic Games,8/12/2008,Beijing
3,01:43.9,Michael Phelps,USA,2007 World Champs,3/27/2007,Melbourne
4,01:44.1,Ian Thorpe,AUS,2001 World Champs,7/25/2001,Fukuoka
5,01:44.7,Ian Thorpe,AUS,,3/27/2001,Hobart
6,01:45.3,Pieter Van Den ,NED,,9/17/2000,Sydney
8,01:45.5,Ian Thorpe,AUS,,5/15/2000,Sydney
9,01:45.7,Ian Thorpe,AUS,,5/14/2000,Sydney
10,01:46.0,Ian Thorpe,AUS,,8/24/1999,Sydeny
11,01:46.3,Ian Thorpe,AUS,,8/23/1999,Sydney
12,01:46.7,Grant Hackett,AUS,,3/23/1999,Brisbane
13,01:46.7,Giorgio Lamberti,ITA,,8/15/1989,Bonn
14,01:47.3,Duncan Armstrong,AUS,,9/19/1988,Seoul
15,01:47.4,Michael Gross,FRG,,7/29/1984,Los Angeles
16,01:47.5,Michael Gross,FRG,,6/8/1984,Munich
17,01:47.9,Michael Gross,FRG,,8/22/1983,Rome
18,01:48.3,Michael Gross,FRG,,6/21/1983,Hanover
19,01:48.9,Rowdy Gaines,USA,,7/19/1982,Mission Viejo
20,01:49.2,Rowdy Gaines,USA,,4/11/1980,Austin
21,01:49.8,Sergei Kopliakov,RUS,,4/7/1979,Potsdam
22,01:50.3,Bruce Furniss,USA,,7/19/1976,Montreal
1/20/2020 7:18,,,Highlighted Record ,,,4
,,,,,,
Rank,Time,Athlete,Swimmer,Meet Name,Swim,Location
,,,Country,,Date,City
Men's 200 FR LCM,,,,,,
23,01:50.3,Bruce Furniss,USA,,8/21/1975,Kansas City
24,01:50.9,Bruce Furniss,USA,,6/18/1975,Long Beach
25,01:51.4,Bruce Furniss,USA,,6/18/1975,Long Beach
26,01:51.7,Tim Shaw,USA,,8/23/1974,Concord
27,01:52.8,Mark Spitz,USA,,8/29/1972,Munich
28,01:53.5,Mark Spitz,USA,,9/10/1971,Minsk
29,01:54.2,Mark Spitz,USA,,9/4/1971,Leipzip
30,01:54.3,Don Schollander,USA,,8/30/1968,Long Beach
30,01:54.3,Mark Spitz,USA,,7/12/1969,Santa Clara
32,01:54.8,Don Schollander,USA,,8/30/1968,Long Beach
33,01:55.7,Don Schollander,USA,,8/12/1967,Oak Park
34,01:56.0,Don Schollander,USA,,7/29/1967,Winnipeg
35,01:56.2,Don Schollander,USA,,8/19/1966,Lincoln
36,01:57.2,Don Schollander,USA,,7/29/1966,Los Angles
37,01:57.6,Don Schollander,USA,,8/1/1964,Los Altos
38,01:58.2,Hans-Joachim Klein,GER,,5/24/1964,Dortmund
39,01:58.4,Don Schollander,USA,,8/24/1963,Osaka
40,01:58.5,Don Schollander,USA,,8/17/1963,Tokyo
41,01:58.8,Don Schollander,USA,,7/27/1963,Los Angeles
42,02:00.3,Robert Windle,AUS,,4/21/1963,Tokyo
43,02:00.4,Don Schollander,USA,,8/11/1962,Cuyahoga Falls
,,,,,,
Women's 200 FR LCM,,,,,,
1,01:53.0,Federica Pellegrini,ITA,2009 World Champs ,7/29/2009,Rome
2,01:53.7,Federica Pellegrini,ITA,,7/28/2009,Rome
3,01:54.5,Federica Pellegrini,ITA,2009 ITA Champs,3/8/2009,Riccione
4,01:54.8,Federica Pellegrini,ITA,2008 Olympic Games,8/9/2008,Beijing
5,01:55.5,Federica Pellegrini,ITA,2008 Olympic Games,8/9/2008,Beijing
6,01:55.5,Laure Manaudou,FRA,2007 World Champs,3/25/2007,Melbourne
7,01:56.5,Federica Pellegrini,ITA,2007 World Champs,3/25/2007,Melbourne
8,01:56.6,Franziska Van Almsick,GER,2002 US European Champs,8/4/2002,Berlin
9,01:56.8,Franziska Van Almsick,GER,,9/6/1994,Rome
10,01:57.5,Heike Friedrich,GER,,6/18/1986,Berlin
11,01:57.8,Kristin Otto,GDR,,5/23/1984,Magdeburg
12,01:58.2,Sippy Brennan,USA,,9/3/1979,Tokyo
13,01:58.4,Sippy Brennan,USA,,7/3/1979,San Juan
14,01:58.5,Sippy Brennan,USA,,8/22/1978,Berlin
15,01:59.0,Barbara Krause,GDR,,7/2/1978,Berlin
16,01:59.3,Kornelia Ender,GDR,,7/22/1976,Montreal
17,01:59.8,Kornelia Ender,GDR,,6/2/1976,Berlin
18,02:02.3,Kornelia Ender,GDR,,3/15/1975,Dresden
19,02:02.9,Shirley Babashoff,USA,,8/31/1974,Concord
19,02:02.9,Shirley Babashoff,USA,,8/23/1974,Concord
21,02:03.2,Kornelia Ender,GDR,,8/22/1974,Vienna
22,02:03.6,Shane Gould,AUS,,9/1/1972,Munich
23,02:05.2,Shirley Babashoff,USA,,8/14/1972,Chicago
24,02:05.8,Shane Gould,AUS,,11/26/1971,Sydney
25,02:06.5,Shane Gould,AUS,,5/1/1971,London
26,02:06.7,Deborah Meyer,USA,,8/28/1968,Los Angeles
1/20/2020 7:18,,,Highlighted Record ,,,5
,,,,,,
Rank,Time,Athlete,Swimmer,Meet Name,Swim,Location
,,,Country,,Date,City
Women's 200 FR LCM,,,,,,
27,02:07.9,Linda Gustavson,USA,,8/24/1968,Long Beach
28,02:08.8,Edith Wetzel,USA,,8/2/1968,Lincoln
29,02:09.5,Susan Pankey,USA,,7/6/1968,Santa Clara
30,02:09.7,Pamela Kruse,USA,,8/19/1967,Philadelphia
31,02:10.5,Pokey Watson,USA,,8/19/1966,Lincoln
32,02:11.6,Dawn Fraser,AUS,,2/27/1960,Sydney
33,02:14.7,Dawn Fraser,AUS,,2/22/1958,Melbourne
34,02:17.7,Dawn Fraser,AUS,,2/10/1958,Adelaide
35,02:18.5,Loraine Crapp,AUS,,10/20/1956,Sydney
36,02:19.3,Loraine Crapp,AUS,,8/25/1956,Townsville
37,02:20.7,Dawn Fraser,AUS,,2/25/1956,Sydney
,,,,,,
Men's 400 FR LCM,,,,,,
1,03:40.1,Paul Biedermann,GER,2009 World Champs ,7/26/2009,Rome
2,03:40.1,Ian Thorpe,AUS,2002 US Commonwealth Gam,7/30/2002,Manchester
3,03:40.2,Ian Thorpe,AUS,,7/22/2001,Fukuoka
4,03:40.6,Ian Thorpe,AUS,,9/16/2000,Sydney
5,03:41.3,Ian Thorpe,AUS,,5/15/2000,Sydney
6,03:41.8,Ian Thorpe,AUS,,8/22/1999,Sydney
7,03:43.8,Kieren Perkins,AUS,,9/9/1994,Rome
8,03:45.0,Evgeni Sadovyi,RUS,,7/29/1992,Barcelona
9,03:46.5,Kieren Perkins,AUS,,4/3/1992,Canberra
10,03:47.0,Uwe Dassler,GER,,9/23/1988,Seoul
11,03:47.4,Artur Wojdat,POL,,3/25/1988,Orlando
12,03:47.8,Michael Gross,GER,,6/27/1985,Wuppertal
13,03:48.3,Vladimir Salnikov,RUS,,2/19/1983,Moscow
14,03:49.6,Vladimir Salnikov,URS,,7/14/1982,Kiev
14,03:49.6,Vladimir Salnikov,RUS,,3/12/1982,Moscow
16,03:50.5,Peter Schmidt,CAN,,7/15/1980,Toronto
17,03:51.2,Vladimir Salnikov,RUS,,2/29/1980,Potsdam
18,03:51.4,Vladimir Salnikov,RUS,,8/19/1979,Moscow
19,03:51.4,Vladimir Salnikov,RUS,,4/6/1979,Potsdam
20,03:51.6,Brian Goodell,USA,,8/27/1977,Berlin
21,03:51.9,Brian Goodell,USA,,7/22/1976,Montreal
22,03:53.1,Brian Goodell,USA,,6/18/1976,Long Beach
23,03:53.3,Tim Shaw,USA,,8/20/1975,Kansas City
24,03:54.0,Tim Shaw,USA,,6/19/1975,Long Beach
25,03:54.7,Tim Shaw,USA,,8/22/1974,Concord
26,03:57.0,Tim Shaw,USA,,8/22/1974,Concord
27,03:58.2,Rick DeMont,USA,,9/9/1973,Belgrade
28,04:00.1,Kurt Krumpholz,USA,,8/4/1972,Chicago
29,04:01.7,Brad Cooper,AUS,,2/12/1972,Brisbane
30,04:02.1,Thomas McBreen,USA,,8/25/1971,Houston
31,04:02.6,Gunnar Larsson,SWE,,9/7/1970,Barcelona
32,04:02.8,John Kinsella,USA,,8/20/1970,Los Angeles
33,04:04.0,Hans-Joachim ,,,,Louisville
,,Fassnacht,GER,,8/14/1969,
34,04:06.5,Ralph Hutton,CAN,,8/1/1968,Lincoln
35,04:07.7,Mark Spitz,USA,,6/23/1968,Haywood
36,04:08.2,Greg Charlton,USA,,8/28/1967,Tokyo
1/20/2020 7:18,,,Highlighted Record ,,,6
,,,,,,
Rank,Time,Athlete,Swimmer,Meet Name,Swim,Location
,,,Country,,Date,City
Men's 400 FR LCM,,,,,,
37,04:08.8,Mark Spitz,USA,,7/7/1967,Santa Clara
38,04:09.2,Alain Mosconi,FRA,,7/4/1967,Monaco
39,04:10.6,Alain Mosconi,FRA,,7/2/1967,Monaco
39,04:10.6,Mark Spitz,USA,,6/25/1967,Heywood
41,04:11.1,Frank Wiegand,GDR,,8/25/1966,Utrecht
42,04:11.6,Don Schollander,USA,,8/18/1966,Lincoln
43,04:11.8,John Nelson,USA,,8/18/1966,Lincoln
44,04:12.2,Don Schollander,USA,,10/15/1964,Tokyo
45,04:12.7,Don Schollander,USA,,7/31/1964,Los Altos
,,,,,,
Women's 400 FR LCM,,,,,,
1,03:56.5,Katie Ledecky,USA,2016 Olympic Games,8/7/2016,Rio
2,03:58.4,Katie Ledecky,USA,2014 Pan Pacific Championships,8/23/2014,Gold Coast
3,03:58.9,Katie Ledecky,USA,2014 Summer Nationals,8/9/2014,Irvine
4,03:59.2,Federica Pellegrini,ITA,2009 World Champs ,7/26/2009,Rome
5,04:00.4,Federica Pellegrini,ITA,,6/27/2009,Pescara
6,04:00.7,Joanne Jackson,GBR,2009 GBR CHAMPS,3/16/2009,Sheffield
7,04:01.5,Federica Pellegrini,ITA,2008 European Champs,3/18/2008,Eindhoven 
8,04:02.1,Laure Manaudou,FRA,2006 European Champs,7/31/2006,Budapest
9,04:03.0,Laure Manaudou,FRA,,5/12/2006,Tours
10,04:03.9,Janet Evans,USA,1988 Olympic Games,9/22/1988,Seoul
11,04:05.4,Janet Evans,USA,1987 Orlando Meet,12/20/1987,Orlando
12,04:06.3,Tracey Wickham,AUS,,8/24/1978,Berlin
13,04:07.7,Kim Linehan,USA,,8/2/1978,Woodlands
14,04:08.9,Petra Thumer,GDR,,8/17/1977,Jonkoping
15,04:09.9,Petra Thumer,GDR,,7/20/1976,Montreal
16,04:11.7,Barbara Krause,GDR,,6/3/1976,Berlin
17,04:14.8,Shirley Babashoff,USA,,6/20/1975,Long Beach
18,04:15.8,Shirley Babashoff,USA,,8/22/1974,Concord
19,04:17.3,Heather Harper,USA,,6/28/1974,Santa Clara
20,04:18.1,Keena Zorovich,USA,,3/22/1973,Louisville
21,04:19.0,Shane Gould,AUS,,8/30/1972,Munich
22,04:21.2,Shane Gould,AUS,,7/9/1971,Santa Clara
23,04:22.6,Karen Moras,AUS,,4/30/1971,London
24,04:24.3,Deborah Meyer,USA,,8/20/1970,Los Angeles
25,04:24.5,Deborah Meyer,USA,,8/25/1968,Los Angeles
26,04:26.7,Deborah Meyer,USA,,8/1/1968,Lincoln
27,04:29.0,Deborah Meyer,USA,,8/18/1967,Philadelphia
28,04:32.6,Deborah Meyer,USA,,7/27/1967,Winnipeg
29,04:36.4,Pamela Kruse,USA,,7/7/1967,Santa Clara
30,04:36.8,Pamela Kruse,USA,,6/30/1967,Ft. Lauderdale
31,04:38.0,Martha Randall,USA,,8/26/1965,Monaco
32,04:39.2,Martha Randall,USA,,8/14/1965,Maumee
,,,,,,
Men's 800 FR LCM,,,,,,
1,07:32.1,Zhang Lin,CHN,2009 World Champs ,7/29/2009,Rome
2,07:38.7,Grant Hackett,AUS,2005 World Champs,7/24/2005,Montreal
3,07:39.2,Ian Thorpe,AUS,2001 World Champs,7/22/2001,Fukuoka
4,07:41.6,Ian Thorpe,AUS,,3/26/2001,Hobart
5,07:46.0,Kieren Perkins,AUS,,8/24/1994,Victoria
1/20/2020 7:18,,,Highlighted Record ,,,7
,,,,,,
Rank,Time,Athlete,Swimmer,Meet Name,Swim,Location
,,,Country,,Date,City
Men's 800 FR LCM,,,,,,
6,07:46.6,Kieren Perkins,AUS,,2/14/1992,Sydney
7,07:47.9,Kieren Perkins,AUS,,8/25/1991,Edmonton
8,07:50.6,Vladimir Salnikov,RUS,,7/4/1986,Moscow
9,07:52.3,Vladimir Salnikov,RUS,,7/14/1983,Los Angeles
10,07:52.8,Vladimir Salnikov,RUS,,2/14/1982,Moscow
11,07:56.5,Vladimir Salnikov,RUS,,3/23/1979,Minsk
12,08:01.5,Bobby Hackett,USA,,6/21/1976,Long Beach
13,08:02.9,Stephen Holland,AUS,,2/29/1976,Sydney
14,08:06.3,Stephen Holland,AUS,,2/27/1976,Sydney
15,08:09.6,Tim Shaw,USA,,7/13/1975,Mission Viejo
16,08:13.7,Tim Shaw,USA,,6/21/1975,Long Beach
17,08:15.0,Stephen Holland,AUS,,1/25/1975,Christchurch
18,08:15.2,Stephen Holland,AUS,,1/17/1975,Brisbasne
19,08:15.9,Stephen Holland,AUS,,1/1/1974,Christchuch
20,08:16.3,Stephen Holland,AUS,,9/8/1973,Belgrade
21,08:17.6,Stephen Holland,AUS,,8/5/1973,Brisbane
22,08:23.8,Brad Cooper,AUS,,1/12/1972,Sydney
23,08:28.6,Graham Windeatt,AUS,,4/3/1971,Sydney
24,08:28.8,Mike Burton,USA,,8/11/1969,Louisville
25,08:34.3,Mike Burton,USA,,9/3/1968,Long Beach
26,08:42.0,Francis Luyce,FRA,,7/21/1967,Dinard
27,08:46.8,Alain Mosconi,FRA,,7/5/1967,Monaco
28,08:47.3,John Bennett,AUS,,1/16/1967,Sydney
29,08:47.4,Semyon Belitz-Geyman,RUS,,8/3/1966,Kharkov
30,08:51.5,Murray Rose,AUS,,8/26/1962,Los Altos
,,,,,,
Women's 800 FR LCM,,,,,,
1,08:04.8,Katie Ledecky,USA,2016 Olympic Games,8/12/2016,Rio
2,08:06.7,Katie Ledecky,USA,2016 ST Arena Pro Swim at Austin,1/17/2016,Austin
3,08:07.4,Katie Ledecky,USA,2015 World Champs,8/8/2015,Kazan
4,08:11.0,Katie Ledecky,USA,2014 Woodlands Senior Invite,6/22/2014,Shenandoah
5,08:13.9,Katie Ledecky,USA,2013 World Champs,8/3/2013,Barcelona
6,08:14.1,Rebecca Adlington,GBR,2008 Olympic Games,8/16/2008,Beijing
7,08:16.2,Janet Evans,USA,1989 Pan Pacific Games,8/20/1989,Tokyo
8,08:17.1,Janet Evans,USA,,3/22/1988,Orlando
9,08:19.5,Anke Mohring,GDR,,8/19/1987,Strasbourg
10,08:22.4,Janet Evans,USA,,7/27/1987,Clovis
11,08:24.6,Tracey Wickham,AUS,,8/5/1978,Edmonton
12,08:30.5,Tracey Wickham,AUS,,2/21/1978,Brisbane
13,08:31.3,Michelle Ford,AUS,,1/21/1978,Sydney
14,08:34.9,Michelle Ford,AUS,,1/6/1978,Brisbane
15,08:35.0,Petra Thumer,GDR,,7/9/1977,Laipzig
16,08:37.1,Petra Thumer,GDR,,7/25/1976,Montreal
17,08:39.6,Shirley Babashoff,USA,,6/21/1976,Long Beach
18,08:40.7,Petra Thumer,GDR,,6/4/1976,Berlin
19,08:43.5,Jennifer Turrall,AUS,,3/31/1975,London
20,08:47.5,Jo Ann Harshbarger,USA,,8/25/1974,Concord
21,08:47.7,Jo Ann Harshbarger,USA,,8/25/1974,Concord
22,08:50.1,Jennifer Turrall,AUS,,1/5/1974,Sydney
23,08:53.0,Novella Calligaris,ITA,,9/9/1973,Beograd
1/20/2020 7:18,,,Highlighted Record ,,,8
,,,,,,
Rank,Time,Athlete,Swimmer,Meet Name,Swim,Location
,,,Country,,Date,City
Women's 800 FR LCM,,,,,,
24,08:53.7,Keena Rothhammer,USA,,9/3/1972,Munich
25,08:53.8,Jo Ann Harshbarger,USA,,8/6/1972,Chicago
26,08:58.1,Shane Gould,AUS,,12/3/1971,Sydney
27,08:59.4,Ann Simmons,USA,,9/10/1971,Minsk
28,09:02.5,Karen Moras,AUS,,7/18/1970,Edinburgh
29,09:09.1,Karen Moras,AUS,,3/1/1970,Sydney
30,09:10.4,Deborah Meyer,USA,,8/28/1968,Long Beach
31,09:17.8,Deborah Meyer,USA,,8/4/1968,Lincoln
32,09:19.0,Deborah Meyer,USA,,7/21/1968,Los Angeles
33,09:22.9,Deborah Meyer,USA,,7/29/1967,Winnipeg
34,09:35.8,Deborah Meyer,USA,,7/9/1967,Santa Clara
35,09:36.9,Sharon Finneran,USA,,9/28/1964,Los Angeles
36,09:47.3,Patty Caretto,USA,,7/30/1964,Los Altos
37,09:51.6,Carolyn House,USA,,8/26/1962,Los Altos
38,09:55.6,Jane Cederquist,SWE,,8/17/1960,Uppsala
,,,,,,
Men's 1500 FR LCM,,,,,,
1,14:31.0,Sun Yang,CHN,2012 Olympic Games,8/4/2012,London
2,14:34.1,Sun Yang,CHN,2011 World Champs,7/31/2011,Shanghai
3,14:34.6,Grant Hackett,AUS,2001 World Champs,7/29/2001,Fukuoka
4,14:41.7,Kieren Perkins,AUS,,8/24/1994,Victoria
5,14:43.5,Kieren Perkins,AUS,,7/31/1992,Barcelona
6,14:48.4,Kieren Perkins,AUS,,4/5/1992,Canberra
7,14:50.4,Jorg Hoffmann,GER,,1/13/1991,Perth
8,14:54.8,Vladimir Salnikov,RUS,,2/22/1983,Moscow
9,14:56.3,Vladimir Salnikov,RUS,,3/13/1982,Moscow
10,14:58.3,Vladimir Salnikov,RUS,,7/22/1980,Moscow
11,15:02.4,Brian Goodell,USA,,7/20/1976,Montreal
12,15:06.7,Brian Goodell,USA,,6/21/1976,Long Beach
13,15:10.9,Stephen Holland,AUS,,2/27/1976,Sydney
14,15:20.9,Tim Shaw,USA,,6/21/1975,Long Beach
15,15:27.8,Stephen Holland,AUS,,1/25/1975,Christchurch
16,15:31.7,Tim Shaw,USA,,8/25/1974,Concord
17,15:31.8,Stephen Holland,AUS,,9/9/1973,Belgrade
18,15:37.8,Stephen Holland,AUS,,8/5/1973,Brisbane
19,15:52.6,Mike Burton,USA,,9/4/1972,Munich
20,15:52.9,Rick DeMont,USA,,8/6/1972,Chicago
21,15:57.1,John Kinsella,USA,,8/23/1970,Los Angeles
22,16:04.5,Mike Burton,USA,,8/17/1969,Louisville
23,16:08.5,Mike Burton,USA,,9/3/1968,Long Beach
24,16:28.1,Guillermo Echevarria,MEX,,7/7/1968,Santa Clara
25,16:34.1,Mike Burton,USA,,8/13/1967,Oak Park
26,16:41.6,Mike Burton,USA,,8/21/1966,Lincoln
27,16:58.6,Stephen Krause,USA,,8/15/1965,Maumee
28,16:58.7,Roy Saari,USA,,9/2/1964,New York
,,,,,,
Women's 1500 FR LCM,,,,,,
1,15:20.5,Katie Ledecky,USA,2018 Indianapolis PSS,5/16/2018,Indianapolis
2,15:25.5,Katie Ledecky,USA,2015 World Champs,8/4/2015,Kazan
3,15:27.7,Katie Ledecky,USA,2015 World Champs,8/3/2015,Kazan
1/20/2020 7:18,,,Highlighted Record ,,,9
,,,,,,
Rank,Time,Athlete,Swimmer,Meet Name,Swim,Location
,,,Country,,Date,City
Women's 1500 FR LCM,,,,,,
4,15:28.4,Katie Ledecky,USA,2014 Pan Pacific Championships,8/24/2014,Gold Coast
5,15:34.2,Katie Ledecky,USA,2014 Woodlands Senior Invite,6/19/2014,Shenandoah
6,15:36.5,Katie Ledecky,USA,2013 World Champs,7/30/2013,Barcelona
7,15:42.5,Kate Ziegler,USA,2007 CA SMC,6/14/2007,Mission Viejo
8,15:52.1,Janet Evans,USA,,3/26/1988,Orlando
9,16:00.7,Janet Evans,USA,,7/31/1987,Clovis
10,16:04.5,Kim Linehan,USA,,8/19/1979,Ft Lauderdale
11,16:06.6,Tracey Wickham,AUS,,2/25/1979,Perth
12,16:14.9,Tracey Wickham,AUS,,2/8/1978,Brisbane
13,16:24.6,Alice Brown,USA,,8/25/1977,Mission Viejo
14,16:33.9,Jennifer Turrall,AUS,,8/25/1974,Concord
15,16:39.3,Jennifer Turrall,AUS,,8/3/1974,Los Angeles
16,16:43.4,Jennifer Turrall,AUS,,7/13/1974,Sydney
17,16:48.2,Jennifer Turrall,AUS,,1/9/1974,Sydney
18,16:49.9,Jennifer Turrall,AUS,,12/9/1973,Sydney
19,16:54.1,Jo Ann Harshbarger,USA,,8/25/1973,Louisville
20,16:56.9,Shane Gould,AUS,,2/11/1973,Adelaide
21,17:00.6,Shane Gould,AUS,,12/12/1971,Sydney
22,17:19.2,Cathy Calhoun,USA,,8/28/1971,Houston
23,17:19.9,Deborah Meyer,USA,,8/17/1969,Loisville
24,17:31.2,Deborah Meyer,USA,,7/21/1968,Los Angeles
25,17:50.2,Deborah Meyer,USA,,8/20/1967,Philadelphia
26,18:11.1,Deborah Meyer,USA,,7/9/1967,Santa Clara
27,18:12.9,Patricia Carreto,USA,,8/21/1966,Lincoln
28,18:23.7,Patricia Carreto,USA,,8/12/1965,Los Altos
29,18:30.5,Patricia Carreto,USA,,7/30/1964,Los Altos
30,18:44.0,Carolyn House,USA,,8/16/1962,Chicago
31,19:02.8,Margareta Rylander,SWE,,6/27/1961,Uppsala
32,19:23.6,Jane Cederquist,SWE,,9/8/1960,Uppsala
33,19:25.7,Isla Konrads,AUS,,1/14/1960,Sydney
34,20:03.1,Jans Koster,NED,,7/27/1957,Holversum
35,20:22.8,Jans Koster,NED,,8/21/1956,Utrecht
,,,,,,
Men's 50 BK LCM,,,,,,
1,24,Kliment Kolesnikov,RUS,2018 European Champs ,8/4/2018,Glasgow
2,24.04,Liam Tancock,GBR,2009 World Champs ,8/2/2009,Rome
3,24.08,Liam Tancock,GBR,2009 World Champs ,8/1/2009,Rome
4,24.33,Randall Bal,USA,,12/5/2008,Einhdoven
5,24.47,Liam Tancock,GBR,,4/2/2008,Sheffield
6,24.8,Thomas Rupprath,GER,,7/27/2003,Barcelona
7,24.99,Lenny Krayzelburg,USA,,8/28/1999,Sydney
8,25.13,Jeff Rouse,USA,,4/15/1993,Edinburgh
9,25.23,Dave Berkoff,USA,,9/24/1988,Seoul
,,,,,,
Women's 50 BK LCM,,,,,,
1,26.98,Liu Xiang,CHN,,8/19/2018,Jakarta
2,27.06,Zhao Jing,CHN,2009 World Champs ,7/30/2009,Rome
3,27.38,Anastasiia Zueva,RUS,,7/29/2009,Rome
4,27.39,Daniela Samulski,GER,,7/29/2009,Rome
5,27.61,Daniela Samulski,GER,2008 Olympic Invite,6/26/2009,Berlin
1/20/2020 7:18,,,Highlighted Record ,,,10
,,,,,,
Rank,Time,Athlete,Swimmer,Meet Name,Swim,Location
,,,Country,,Date,City
Women's 50 BK LCM,,,,,,
6,27.67,Sophie Edington,AUS,,3/23/2008,Sydney
6,27.67,Zhao Jing,CHN,2008 Olympic Invite,4/9/2009,Shaoxing
8,27.95,Emily Seebohm,AUS,,3/22/2008,Sydney 
9,28,Hayley McGregory,USA,,3/7/2008,Austin
10,28.09,Yang Ki,CHN,,10/19/2007,Hyderabad
11,28.16,Leila Vaziri,USA,,3/29/2007,Melbourne
11,28.16,Leila Vaziri,USA,,3/28/2007,Melbourne
13,28.19,Janine Pietsch,GER,,5/25/2005,Berlin
14,28.25,Sandra Volker,GER,,6/17/2000,Berlin
15,28.67,Mai Nakamura,JPN,,4/25/2000,Tokyo
16,28.69,Nina Zhivanevskaya,ESP,,4/8/2000,Madrid
17,28.71,Sandra Volker,GER,,8/1/1999,Istanbul
18,28.78,Sandra Volker,GER,,6/12/1999,Monte Carlo
19,29,Sandra Volker,GER,,5/24/1997,Monte Carlo
,,,,,,
Men's 100 BK LCM,,,,,,
1,51.85,Ryan Murphy,USA,2016 Olympic Games,8/13/2016,Rio
2,51.94,Aaron Peirsol,USA,2009 USA Swimming National Champs,7/8/2009,Indianapolis
3,52.38,Aschwin Wildeboer ,,,,Pescara
,,Faber,ESP,,7/1/2009,
4,52.54,Aaron Peirsol,USA,2008 Olympic Games,8/12/2008,Beijing
5,52.89,Aaron Peirsol,USA,2008 Olympic Trials,7/1/2008,Omaha
6,52.98,Aaron Peirsol,USA,2007 World Champs,3/27/2007,Melbourne
7,53.17,Aaron Peirsol,USA,2005 World Championship Trials,4/2/2005,Indianapolis
8,53.45,Aaron Peirsol,USA,2004 Olympic Games,8/21/2004,Athens
9,53.6,Lenny Krayzelburg,USA,1999 Pan Pac,8/24/1999,Sydney
10,53.86,Jeff Rouse,USA,,7/31/1992,Barcelona
11,53.93,Jeff Rouse,USA,,8/25/1991,Edmonton
12,54.51,Dave Berkoff,USA,,9/24/1988,Seoul
13,54.91,Dave Berkoff,USA,,8/13/1988,Austin
14,54.95,Dave Berkoff,USA,,8/13/1988,Austin
15,55,Igor Poliansky,RUS,,7/16/1988,Moscow
16,55.16,Igor Poliansky,RUS,,3/16/1988,Tallinn
17,55.17,Igor Poliansky,RUS,,3/15/1988,Tallinn
18,55.19,Rick Carey,USA,,8/21/1983,Caracas
19,55.38,Rick Carey,USA,,8/6/1983,Clovis
20,55.44,Rick Carey,USA,,8/6/1983,Clovis
21,55.49,John Naber,USA,,7/19/1976,Montreal
22,56.19,John Naber,USA,,7/18/1976,Montreal
23,56.3,Roland Matthes,GDR,,9/4/1972,Munich
23,56.3,Roland Matthes,GDR,,4/8/1972,Moscow
25,56.6,Roland Matthes,GDR,,4/8/1972,Moscow
26,56.7,Roland Matthes,GDR,,9/4/1971,Leipzig
27,56.9,Roland Matthes,GDR,,9/8/1970,Barcelona
28,57.8,Roland Matthes,GDR,,8/23/1969,Wurzburg
29,58,Roland Matthes,GDR,,10/26/1968,Mexico City
30,58.4,Roland Matthes,GDR,,9/21/1967,Leipzig
31,59.1,Charles Hickcox,USA,,8/31/1967,Tokyo
32,59.3,Charles Hickcox,USA,,8/28/1967,Tokyo
33,59.5,Douglas Russel,USA,,8/28/1967,Tokyo
1/20/2020 7:18,,,Highlighted Record ,,,11
,,,,,,
Rank,Time,Athlete,Swimmer,Meet Name,Swim,Location
,,,Country,,Date,City
Men's 100 BK LCM,,,,,,
34,59.6,Thompson Mann,USA,,10/16/1964,Tokyo
35,01:00.0,Thompson Mann,USA,,9/3/1964,New York
,,,,,,
Women's 100 BK LCM,,,,,,
1,57.57,Regan Smith,   ,2019 World Champs,7/28/2019,Gwangju
2,58,Kathleen Baker,USA,2018 Summer Nationals,7/28/2018,Irvine
3,58.1,Kylie Masse,CAN,2017 World Champs,7/25/2017,Budapest
4,58.12,Gemma Spofforth,GBR,2009 World Champs ,7/28/2009,Rome
5,58.48,Anastasiia Zueva,RUS,,7/27/2009,Rome
6,58.77,Kirsty Coventry,ZIM,2008 Olympic Games,8/9/2008,Beijing
7,58.97,Natalie Hall,USA,2008 Olympic Trials,6/29/2008,Omaha
8,59.03,Natalie Hall,USA,2008 Olympic Trials,6/29/2008,Omaha
9,59.15,Hayley McGregory,USA,2008 Olympic Trials,6/29/2008,Omaha
10,59.21,Natalie Hall,USA,2008 Missouri Grand Prix,2/15/2008,Columbia
11,59.44,Natalie Hall,USA,2007 World Champs,3/27/2007,Melbourne
12,59.58,Natalie Hall,USA,2002 US Phillips 66 Nationals,8/13/2002,Ft.Lauderdale
13,01:00.2,He Cihong,CHN,,9/10/1994,Roma
14,01:00.3,Krisztina Egerszegi,HUN,,8/22/1991,Athens
15,01:00.6,Ina Kleber,GDR,,8/24/1984,Moscow
16,01:00.9,Rica Reinisch,GDR,,7/23/1980,Moscow
17,01:01.5,Rica Reinisch,GDR,,7/22/1980,Moscow
18,01:01.5,Rica Reinisch,GDR,,7/20/1980,Moscow
18,01:01.5,Ulrike Richter,GDR,,6/5/1976,Berlin
20,01:01.6,Kornelia Ender,GDR,,6/3/1976,Berlin
21,01:02.6,Ulrike Richter,GDR,,3/14/1976,Tallin
22,01:03.0,Ulrike Richter,GDR,,9/1/1974,Concord
23,01:03.1,Ulrike Richter,GDR,,8/24/1974,Vienna
24,01:03.3,Ulrike Richter,GDR,,8/23/1974,Vienna
25,01:04.1,Ulrike Richter,GDR,,8/22/1974,Vienna
26,01:04.4,Ulrike Richter,GDR,,7/8/1974,Rostock
27,01:04.8,Wendy Cook,CAN,,1/31/1974,Christchurch
28,01:05.0,Ulrike Richter,GDR,,9/4/1973,Belgrade
29,01:05.4,Ulrike Richter,GDR,,8/18/1973,Utrecht
30,01:05.6,Karen Muir,RSA,,7/6/1969,Utrecht
31,01:06.2,Kaye Hall,USA,,10/23/1968,Mexico City
32,01:06.4,Karen Muir,RSA,,4/6/1968,Paris
33,01:06.7,Karen Muir,RSA,,1/30/1968,Kimberley
34,01:07.1,Elaine Tanner,CAN,,7/30/1967,Winnipeg
35,01:07.3,Elaine Tanner,CAN,,7/27/1967,Winnipeg
36,01:07.4,Ann Fairlie,RSA,,7/23/1966,Beziers
37,01:07.7,Cathy Ferguson,USA,,10/14/1964,Tokyo
,,,,,,
Men's 200 BK LCM,,,,,,
1,01:51.9,Aaron Peirsol,USA,2009 World Champs ,7/31/2009,Rome
2,01:53.1,Aaron Peirsol,USA,2009 USA Swimming National Champs,7/11/2009,Indianapolis
3,01:53.9,Ryan Lochte,USA,2008 Olympic Games,8/9/2008,Beijing
4,01:54.3,Ryan Lochte,USA,2007 World Champs,3/25/2007,Melbourne
4,01:54.3,Aaron Peirsol,USA,2008 Olympic Trials,6/29/2008,Omaha
6,01:54.4,Aaron Peirsol,USA,2006 Pan Pacific Champs,8/17/2006,Victoria
7,01:54.7,Aaron Peirsol,USA,2005 World Champs,7/29/2005,Montreal
1/20/2020 7:18,,,Highlighted Record ,,,12
,,,,,,
Rank,Time,Athlete,Swimmer,Meet Name,Swim,Location
,,,Country,,Date,City
Men's 200 BK LCM,,,,,,
8,01:54.7,Aaron Peirsol,USA,2004 US Olympic Trials,7/12/2004,Long Beach
9,01:55.1,Aaron Peirsol,USA,2002 Phillips66 Spring Nationals,3/20/2002,Minneapolis
10,01:55.9,Lenny Krayzelburg,USA,,8/27/1999,Sydney
11,01:56.6,Martin Zubero,ESP,,11/23/1991,Tuscaloosa
12,01:57.3,Martin Zubero,ESP,,8/13/1991,FtLauderdale
13,01:58.1,Igor Poliansky,RUS,,3/3/1985,Erfurt
14,01:58.4,Sergey Zabolotnov,RUS,,8/21/1984,Moscow
15,01:58.9,Rick Carey,USA,,6/27/1984,Indianapolis
16,01:58.9,Rick Carey,USA,,8/3/1983,Clovis
17,01:59.2,John Naber,USA,,7/24/1976,Montreal
18,02:00.6,John Naber,USA,,6/19/1976,Long Beach
19,02:01.9,Roland Matthes,GDR,,9/6/1973,Belgrade
20,02:02.8,Roland Matthes,GDR,,7/10/1972,Leipzig
21,02:02.8,Roland Matthes,GDR,,9/2/1972,Munich
22,02:05.6,Roland Matthes,GDR,,9/3/1971,Leipzig
23,02:06.1,Roland Matthes,GDR,,9/11/1970,Barcelona
24,02:06.3,Michael Stamm,USA,,8/20/1970,Los Angeles
25,02:06.4,Roland Matthes,GDR,,8/29/1969,Berlin
26,02:06.6,Gary Hall,USA,,8/14/1969,Louisville
27,02:07.4,Roland Matthes,GDR,,7/12/1969,Santa Clara
28,02:07.5,Roland Matthes,GDR,,8/14/1968,Leipzig
29,02:07.9,Roland Matthes,GDR,,11/8/1967,Leipzig
30,02:09.4,Charles Hickcox,USA,,8/29/1967,Tokyo
31,02:10.3,Jed Graeff,USA,,10/13/1964,Tokyo
32,02:10.9,Thomas Stock,USA,,8/10/1962,Cuyahoga Falls
33,02:11.5,Thomas Stock,USA,,8/20/1961,Los Angeles
34,02:13.2,Thomas Stock,USA,,7/2/1961,Chicago
,,,,,,
Women's 200 BK LCM,,,,,,
1,02:03.4,Regan Smith,USA,2019 World Champs,7/26/2019,Gwangju
2,02:04.1,Missy Franklin,USA,2012 Olympic Games,8/3/2012,London
3,02:04.8,Kirsty Coventry,ZIM,2009 World Champs ,8/1/2009,Rome
4,02:05.2,Kirsty Coventry,ZIM,2008 Olympic Games,8/9/2008,Beijing
5,02:06.1,Margaret Hoelzer,USA,2008 Olympic Trials,6/29/2008,Omaha
6,02:06.4,Kirsty Coventry,ZIM,2008 Missouri Grand Prix,2/15/2008,Columbia
7,02:06.6,Krisztina Egerszegi,HUN,1991 US European Championships,8/25/1991,Athens
8,02:08.6,Betsy Mitchell,USA,,6/27/1986,Orlando
9,02:09.9,Cornelia Sirch,GDR,,8/7/1982,Guayaquil
10,02:11.8,Rica Reinisch,GDR,,7/27/1980,Moscow
11,02:11.9,Linda Jezek,USA,,8/24/1978,Berlin
12,02:12.5,Birgit Treiber,GDR,,6/4/1976,Berlin
13,02:13.5,Antje Stille,GDR,,3/13/1976,Tallin
14,02:14.4,Antje Stille,GDR,,2/29/1976,Berlin
15,02:15.5,Birgit Treiber,GDR,,7/25/1975,Cali
16,02:16.1,Birgit Treiber,GDR,,6/6/1975,Wittenberg
17,02:16.3,Nancy Garapick,CAN,,4/27/1975,Brantford
18,02:17.4,Ulrike Richter,GDR,,8/25/1974,Vienna
19,02:18.4,Ulrike Richter,GDR,,7/7/1974,Rostock
20,02:19.2,Melissa Belote,USA,,9/4/1972,Munich
21,02:20.6,Melissa Belote,USA,,9/4/1972,Munich
1/20/2020 7:18,,,Highlighted Record ,,,13
,,,,,,
Rank,Time,Athlete,Swimmer,Meet Name,Swim,Location
,,,Country,,Date,City
Women's 200 BK LCM,,,,,,
22,02:20.6,Melissa Belote,USA,,8/5/1972,Chicago
23,02:21.5,Susie Atwood,USA,,8/14/1969,Louisville
24,02:23.8,Karen Muir,RSA,,7/21/1968,Los Angeles
25,02:24.1,Karen Muir,RSA,,1/6/1968,Kimberley
26,02:24.4,Elaine Tanner,CAN,,6/26/1967,Winnipeg
27,02:26.4,Karen Muir,RSA,,8/18/1966,Lincoln
28,02:27.1,Karen Muir,RSA,,7/25/1966,Beziers
29,02:27.4,Cathy Ferguson,USA,,9/28/1964,Los Angeles
30,02:28.2,Satoko Tanaka,JPN,,8/4/1963,Tokyo
31,02:28.5,Satoko Tanaka,JPN,,2/21/1963,Perth
32,02:28.9,Satoko Tanaka,JPN,,2/18/1963,Perth
33,02:29.6,Satoko Tanaka,JPN,,2/10/1963,Sydney
34,02:31.6,Satoko Tanaka,JPN,,7/29/1962,Osaka
35,02:32.1,Satoko Tanaka,JPN,,6/3/1962,Beppu
36,02:33.2,Satoko Tanaka,JPN,,7/30/1961,Tokyo
37,02:33.3,Satoko Tanaka,JPN,,7/23/1960,Tokyo
38,02:33.5,Lynn Burke,USA,,7/15/1960,Indianapolis
39,02:34.8,Satoko Tanaka,JPN,,4/2/1960,Tokyo
40,02:37.1,Satoko Tanaka,JPN,,7/12/1959,Tokyo
,,,,,,
Men's 50 BR LCM,,,,,,
1,25.95,Adam Peaty,GBR,,7/25/2017,Budapest
2,26.1,Adam Peaty,GBR,,7/25/2017,Budapest
3,26.42,Adam Peaty,GBR,2015 World Champs,8/4/2015,Kazan
4,26.62,Adam Peaty,GBR,,8/18/2014,Berlin
4,26.62,Cameron van der Burgh,RSA,,8/4/2015,Kazan
6,26.67,Cameron van der Burgh,RSA,2009 World Champs ,7/29/2009,Rome
7,26.74,Cameron van der Burgh,RSA,2009 World Champs ,7/26/2009,Rome
8,26.89,Felipe Franca,BRA,,5/8/2009,Rio de Janeiro
9,27.06,Cameron van der Burgh,RSA,,4/18/2009,Durban
10,27.18,Oleg Lisogor,UKR,,8/2/2002,Berlin
11,27.39,Ed Moses,USA,,3/31/2001,Austin
12,27.49,Anthony Robinson,USA,,3/29/2001,Austin
13,27.61,Alexander Dzhaburiya,UKR,,4/27/1996,Kharkov
14,27.82,Mark Warnecke,FRG,,5/25/1995,Warendork
15,28.05,Dmitri Volkov,RUS,,6/25/1989,Canet
,,,,,,
Women's 50 BR LCM,,,,,,
1,29.4,Lilly King,USA,,7/30/2017,Budapest
2,29.48,Ruta Meilutyte,LTU,2013 World Champs,8/3/2013,Barcelona
3,29.78,Yulia Efimova,RUS,2013 World Champs,8/3/2013,Barcelona
4,29.8,Jessica Hardy,USA,2009 U. S. Open,8/7/2009,Federal Way
5,29.95,Jessica Hardy,USA,,8/6/2009,Federal Way
6,30.09,Yulia Efimova,RUS,,8/2/2009,Rome
7,30.23,Amanda Reason,CAN,2008 Olympic Invite,7/8/2009,Montreal
8,30.31,Jade Edmistone,,2006 AUS Commonwealth Games ,,Melbourne
,,,AUS,Trials,1/30/2006,
9,30.45,Jade Edmistone,AUS,,7/31/2005,Montreal
10,30.57,Zoe Baker,GBR,,7/30/2002,Manchester
11,30.83,Penelope Heyns,RSA,,8/28/1999,Sydney
1/20/2020 7:18,,,Highlighted Record ,,,14
,,,,,,
Rank,Time,Athlete,Swimmer,Meet Name,Swim,Location
,,,Country,,Date,City
Men's 100 BR LCM,,,,,,
12,30.95,Penelope Heyns,RSA,,8/1/1998,New York
,,,,,,
Men's 100 BR LCM,,,,,,
1,56.88,Adam Peaty,GBR,2019 World Champs,7/21/2019,Gwangju
2,57.1,Adam Peaty,GBR,2018 European Champs ,8/4/2018,Glasgow
3,57.13,Adam Peaty,GBR,2016 Olympic Games,8/7/2016,Rio
4,57.55,Adam Peaty,GBR,,8/6/2016,Rio de Janeiro
5,57.92,Adam Peaty,GBR,British Swimming Championships 2015,4/17/2015,London
6,58.46,Cameron van der Burgh,RSA,2012 Olympic Games,7/29/2012,London
7,58.58,Brenton Rickard,AUS,2009 World Champs ,7/27/2009,Rome
8,58.91,Kosuke Kitajima,JPN,2008 Olympic Games,8/9/2008,Beijing
9,59.13,Brendan Hansen,USA,2006 CA ConocoPhillips Nats,8/1/2006,Irvine
10,59.3,Brendan Hansen,USA,2004 US Olympic Trials,7/7/2004,Long Beach
11,59.78,Kosuke Kitajima,JPN,2003 World Champs,7/21/2003,Barcelona
12,59.94,Roman Sloudnov,RUS,2001 World Champs,7/23/2001,Fukuoka
13,59.97,Roman Sloudnov,RUS,,6/29/2001,Moscow
14,01:00.3,Roman Sloudnov,RUS,,6/28/2001,Moscow
15,01:00.3,Ed Moses,USA,,3/28/2001,Austin
16,01:00.4,Roman Sloudnov,RUS,,6/15/2000,Moscow
17,01:00.6,Fred Deburghgraeve,BEL,,7/20/1996,Atlanta
18,01:01.0,Karoly Guttler,HUN,,8/3/1993,Sheffield
19,01:01.3,Norbert Rozsa,HUN,,8/20/1991,Rome
20,01:01.4,Vasily Ivanov,RUS,,6/11/1991,Moscow
20,01:01.4,Norbert Rozsa,HUN,,1/7/1991,Perth
22,01:01.5,Adrian Moorhouse,GBR,,7/26/1990,London
22,01:01.5,Adrian Moorhouse,GBR,,1/25/1990,Auckland
22,01:01.5,Adrian Moorhouse,GBR,,8/15/1989,Bonn
22,01:01.5,Norbert Rozsa,HUN,,1/7/1991,Perth
26,01:01.7,Steve Lundquist,USA,,7/29/1984,Los Angeles
27,01:02.1,John Moffet,USA,,6/25/1984,Indianapolis
28,01:02.3,Steve Lundquist,USA,,8/17/1983,Caracas
29,01:02.3,Steve Lundquist,USA,,8/6/1983,Clovis
30,01:02.5,Steve Lundquist,USA,,8/21/1982,Indianapolis
31,01:02.6,Steve Lundquist,USA,,7/19/1982,Mission Viejo
32,01:02.9,Gerald Morken,GER,,8/18/1977,Jonkoping
33,01:03.1,John Hencken,USA,,7/20/1976,Montreal
34,01:03.6,John Hencken,USA,,7/19/1976,Montreal
35,01:03.9,John Hencken,USA,,7/19/1976,Montreal
35,01:03.9,John Hencken,USA,,8/31/1974,Concord
37,01:04.0,John Hencken,USA,,9/4/1973,Belgrade
38,01:04.3,John Hencken,USA,,9/4/1973,Belgrade
39,01:04.9,Nobutaka Taguchi,JPN,,8/30/1972,Munich
40,01:05.1,Nobutaka Taguchi,JPN,,8/29/1972,Munich
41,01:05.7,John Hencken,USA,,8/29/1972,Munich
,,,,,,
Women's 100 BR LCM,,,,,,
1,01:04.1,Lilly King,USA,2017 World Champs,7/25/2017,Budapest
2,01:04.3,Ruta Meilutyte,LTU,2013 World Champs,7/29/2013,Barcelona
3,01:04.4,Jessica Hardy,USA,2009 U. S. Open,8/7/2009,Federal Way
4,01:04.8,Rebecca Soni,USA,2009 World Champs ,7/26/2009,Rome
1/20/2020 7:18,,,Highlighted Record ,,,15
,,,,,,
Rank,Time,Athlete,Swimmer,Meet Name,Swim,Location
,,,Country,,Date,City
Women's 100 BR LCM,,,,,,
5,01:05.1,Leisel Jones,AUS,2006 Common Wealth Games,3/20/2006,Melbourne
6,01:05.7,Leisel Jones,AUS,,2/3/2006,Melbourne
7,01:06.2,Jessica Meichtry,USA,2005 World Champs,7/24/2005,Montreal
8,01:06.4,Leisel Jones,AUS,2003 World Champs,7/22/2003,Barcelona
9,01:06.5,Penelope Heyns,RSA,1999 US Pan Pacific Champs,8/23/1999,Sydney
10,01:06.9,Penelope Heyns,RSA,,7/18/1999,Los Angeles
11,01:07.0,Penelope Heyns,RSA,,7/18/1999,Los Angeles
12,01:07.0,Penelope Heyns,RSA,,7/21/1996,Atlanta
13,01:07.5,Penelope Heyns,RSA,,3/4/1996,Durban
14,01:07.7,Samantha Riley,AUS,,9/9/1994,Rome
15,01:07.9,Silke Horner,GDR,,8/21/1987,Strasbourg
16,01:08.1,Sylvia Gerasch,GDR,,8/21/1986,Madrid
17,01:08.3,Sylvia Gerasch,GDR,,8/23/1984,Moscow
18,01:08.5,Ute Geweniger,GDR,,8/25/1983,Rome
19,01:08.6,Ute Geweniger,GDR,,9/8/1981,Split
20,01:09.4,Ute Geweniger,GDR,,7/2/1981,East Berlin
21,01:09.5,Ute Geweniger,GDR,,4/9/1981,Gera
22,01:10.1,Ute Geweniger,GDR,,7/24/1980,Moscow
23,01:10.2,Ute Geweniger,GDR,,5/26/1980,Magdeburg
24,01:10.3,Yuliya Bogdanova,URS,,8/22/1978,Berlin
25,01:10.9,Anke Hannelore,GDR,,7/22/1976,Montreal
26,01:11.1,Anke Hannelore,GDR,,7/22/1976,Montreal
27,01:11.9,Carola Nitschke,GDR,,6/2/1976,Berlin
28,01:12.3,Renate Vogel,GDR,,9/1/1974,Concord
29,01:12.6,Cristel Justen,FRG,,8/22/1974,Vienna
30,01:12.9,Renate Vogel,GDR,,8/22/1974,Vienna
31,01:13.6,Catherine Carr,USA,,9/2/1972,Munich
32,01:14.2,Catherine Ball,USA,,8/25/1968,Los Angeles
33,01:14.6,Catherine Ball,USA,,8/19/1967,Philadelphia
34,01:14.8,Catherine Ball,USA,,7/31/1967,Winnipeg
35,01:15.6,Catherine Ball,USA,,7/7/1967,Santa Clara
35,01:15.6,Catherine Ball,USA,,12/28/1966,Ft Lauderdale
37,01:15.7,Svetlana Galina,URS,,7/17/1966,Leningrad
38,01:16.5,Svetlana Babanina,URS,,5/11/1965,Tashkent
39,01:17.2,Svetlana Babanina,URS,,9/3/1964,Moscow
40,01:17.9,Claudia Kolb,USA,,7/11/1964,Los Angeles
41,01:18.2,Barbara Gobel,GDR,,7/1/1961,Rostock
42,01:19.0,Ursela Kuper,GDR,,7/14/1960,Leipzig
43,01:19.1,Wiltrud Urselmann,FRG,,3/12/1960,Zurich
44,01:19.6,Karin Beyer,GDR,,9/12/1958,Leipzig
45,01:20.3,Karin Beyer,GDR,,7/20/1958,Berlin
,,,,,,
Men's 200 BR LCM,,,,,,
1,02:06.1,Anton Chupkov,RUS,2019 World Champs,7/26/2019,Gwangju
2,02:06.7,Ippei Watanabe,JPN,10th Tokyo Swimming Championships,1/27/2017,Tokyo
2,02:06.7,Matthew Wilson,AUS,2019 World Champs,7/25/2019,Gwangju
4,02:07.0,Akihiro Yamaguchi,,67th Japan National Sports Festival - ,,Gifu
,,,JPN,Swimming Com,9/15/2012,
5,02:07.3,Daniel Gyurta,HUN,2012 Olympic Games,7/28/2012,London
6,02:07.3,Christian Sprenger,AUS,2009 World Champs ,7/30/2009,Rome
1/20/2020 7:18,,,Highlighted Record ,,,16
,,,,,,
Rank,Time,Athlete,Swimmer,Meet Name,Swim,Location
,,,Country,,Date,City
Men's 200 BR LCM,,,,,,
7,02:07.5,Kosuke Kitajima,JPN,2008 RUS Invite,6/1/2008,Tokyo
8,02:08.5,Brendan Hansen,USA,2006 Pan Pacific Champs,8/17/2006,Victoria
9,02:08.7,Brendan Hansen,USA,2006 CA ConocoPhillips Nats,8/1/2006,Irvine
10,02:09.0,Brendan Hansen,USA,2004 US Olympic Trials,7/11/2004,Long Beach
11,02:09.4,Kosuke Kitajima,JPN,2003 World Champs,7/24/2003,Barcelona
12,02:09.5,Dmitry Komornikov,RUS,,6/15/2003,Barcelona
13,02:10.0,Kosuke Kitajima,JPN,,10/2/2002,Buson
14,02:10.2,Mike Barrowman,USA,,7/29/1992,Barcelona
15,02:10.6,Mike Barrowman,USA,,8/13/1991,FtLauderdale
16,02:11.2,Mike Barrowman,USA,,1/11/1991,Perth
17,02:11.5,Mike Barrowman,USA,,7/20/1990,Seattle
18,02:12.9,Mike Barrowman,USA,,8/20/1989,Tokyo
19,02:12.9,Mike Barrowman,USA,,8/4/1989,Los Angeles
19,02:12.9,Nick Gillingham,GBR,,8/19/1989,Bonn
21,02:13.3,Victor Davis,CAN,,8/2/1984,Los Angeles
22,02:14.6,Victor Davis,CAN,,6/17/1984,Etobicoke
23,02:14.8,Victor Davis,CAN,,8/5/1982,Guayaquil
24,02:15.1,David Wilkie,GBR,,7/24/1976,Montreal
25,02:18.2,John Hencken,USA,,9/1/1974,Concord
26,02:18.9,John Hencken,USA,,8/24/1974,Concord
27,02:19.3,David Wilkie,GBR,,9/6/1973,Belgrade
28,02:20.5,John Hencken,USA,,8/24/1973,Louisville
29,02:21.6,John Hencken,USA,,9/2/1972,Munich
30,02:22.8,John Hencken,USA,,8/5/1972,Chicago
31,02:23.5,Brian Job,USA,,8/22/1970,Los Angeles
32,02:25.4,Nikolai Pankin,RUS,,4/19/1969,Magdeburg
33,02:26.5,Nikolai Pankin,RUS,,3/22/1969,Minsk
34,02:27.4,Vladimir Kosinsky,RUS,,4/3/1968,Kaley
35,02:27.8,Ian O'Brien,AUS,,10/15/1965,Tokyo
36,02:28.2,Chet Jastremski,USA,,8/30/1964,New York
37,02:29.6,Chet Jastremski,USA,,8/19/1961,Los Angeles
,,,,,,
Women's 200 BR LCM,,,,,,
1,02:19.1,Rikke Pedersen,DEN,2013 World Champs,8/1/2013,Barcelona
2,02:19.6,Rebecca Soni,USA,2012 Olympic Games,8/2/2012,London
3,02:20.0,Rebecca Soni,USA,,8/1/2012,London
4,02:20.1,Annamay Pierse,CAN,2009 World Champs ,7/30/2009,Rome
5,02:20.2,Rebecca Soni,USA,2008 Olympic Games,8/9/2008,Beijing
6,02:20.5,Leisel Jones,,2006 AUS Commonwealth Games ,,Melbourne
,,,AUS,Trials,1/29/2006,
7,02:21.7,Leisel Jones,AUS,2005 World Champs,7/24/2005,Montreal
8,02:22.4,Amanda Beard,USA,2004 US Olympic Trials,7/7/2004,Long Beach
9,02:23.0,Leisel Jones,AUS,,7/10/2004,Brisbane
10,02:23.0,Amanda Beard,USA,2003 World Champs,7/25/2003,Barcelona
10,02:23.0,Qi Hui,CHN,2001 Chinese Nationals,4/13/2001,Hangzhou
12,02:23.6,Penelope Heyns,RSA,,8/27/1999,Sydney
13,02:24.4,Penelope Heyns,RSA,,8/26/1999,Sydney
14,02:24.5,Penelope Heyns,RSA,,7/17/1999,Los Angeles
15,02:24.7,Penelope Heyns,RSA,,7/17/1999,Los Angeles
16,02:24.8,Rebecca Brown,AUS,,3/15/1994,Queensland
1/20/2020 7:18,,,Highlighted Record ,,,17
,,,,,,
Rank,Time,Athlete,Swimmer,Meet Name,Swim,Location
,,,Country,,Date,City
Women's 200 BR LCM,,,,,,
17,02:25.3,Anita Nall,USA,,3/2/1992,Indianapolis
18,02:25.9,Anita Nall,USA,,3/2/1992,Indianapolis
19,02:26.7,Silke Horner,GDR,,9/21/1988,Seoul
20,02:27.3,Allison Higson,CAN,,5/28/1988,Montreal
21,02:27.4,Silke Horner,GDR,,8/18/1986,Madrid
22,02:28.2,Sylvia Gerasch,GDR,,3/1/1986,Leningrad
23,02:28.3,Silke Horner,GDR,,6/5/1985,Liepzieg
24,02:28.4,Lina Kachusite,URS,,4/6/1979,Potsdam
25,02:31.1,Svetlana Varganova,URS,,3/30/1979,Minsk
26,02:31.4,Lina Kachusite,URS,,8/24/1978,Berlin
27,02:33.1,Lina Kachusite,URS,,8/24/1978,Berlin
28,02:33.3,Yuliya Bogdanova,URS,,4/7/1978,Leningrad
29,02:33.3,Marina Koshevaia,URS,,7/21/1976,Montreal
30,02:35.0,Karla Linke,GDR,,8/19/1974,Vienna
31,02:37.4,Karla Linke,GDR,,8/19/1974,Vienna
32,02:37.9,Anne-Katrin Schott,GDR,,7/6/1974,Rostock
33,02:38.5,Catherine Ball,USA,,8/26/1986,Los Angeles
34,02:39.5,Catherine Ball,USA,,8/20/1967,Philadelphia
35,02:40.5,Catherine Ball,USA,,7/9/1967,Santa Clara
36,02:40.8,Galina ,,,,Utrecht
,,Prosumenschikova,URS,,8/22/1966,
37,02:43.0,Irina Pozdyakova,URS,,7/16/1966,Moscow
38,02:44.6,Galina ,,,,Moscow
,,Prosumenschikova,URS,,3/23/1966,
39,02:45.3,Galina ,,,,Groningen
,,Prosumenschikova,URS,,9/12/1965,
40,02:45.4,Galina ,,,,Berlin
,,Prosumenschikova,URS,,5/17/1964,
41,02:47.7,Galina ,,,,Blackpool
,,Prosumenschikova,URS,,4/11/1964,
42,02:48.0,Karin Beyer,GDR,,8/5/1961,Budapest
43,02:49.5,Anita Lonsborough,GBR,,8/27/1960,Rome
44,02:50.2,Wiltrud Urselmann,GDR,,6/6/1960,Aachen
,,,,,,
Men's 50 FL LCM,,,,,,
1,22.27,Andrii Govorov,UKR,2018 Sette Colli Trophy,7/1/2018,Rome
2,22.43,Rafael Munoz,ESP,2008 Olympic Invite,4/5/2009,Malaga
3,22.96,Roland Schoeman,RSA,,7/25/2005,Montreal
4,23.01,Roland Schoeman,RSA,,7/24/2005,Montreal
5,23.3,Ian Crocker,USA,,2/29/2004,Austin
6,23.43,Matt Welsh,AUS,,7/21/2003,Barcelona
7,23.44,Geoff Huegill,AUS,,7/27/2001,Fukuoka
8,23.6,Geoff Huegill,AUS,,3/26/2000,Sydney
9,23.68,Denis Pankratov,RUS,,8/11/1996,Mulhouse
,,,,,,
Women's 50 FL LCM,,,,,,
1,24.43,Sarah Sjostrom,SWE,Swedish Championships,7/5/2014,Boras
2,25.07,Therese Alshammar,SWE,2009 World Champs ,7/31/2009,Rome
3,25.33,Marleen Veldhuis,NED,2008 Olympic Invite,4/19/2009,Amsterdam
4,25.46,Therese Alshammar,SWE,,6/13/2007,Barcelona
5,25.57,Anna-Karin Kammerling,SWE,,7/30/2002,Berlin
6,25.64,Inge De Bruijn,NED,,5/26/2000,Sheffield
1/20/2020 7:18,,,Highlighted Record ,,,18
,,,,,,
Rank,Time,Athlete,Swimmer,Meet Name,Swim,Location
,,,Country,,Date,City
Women's 50 FL LCM,,,,,,
7,25.83,Inge De Bruijn,NED,,5/20/2000,Monte Carlo
8,26.29,Anna-Karin Kammerling,SWE,,7/27/1999,Istanbul
9,26.39,Anna-Karin Kammerling,SWE,,7/9/1999,Halmstad
10,26.54,Inge De Bruijn,NED,,6/27/1996,Amersfoort
,,,,,,
Men's 100 FL LCM,,,,,,
1,49.5,Caeleb Dressel,USA,2019 World Champs,7/26/2019,Gwangju
2,49.82,Michael Phelps,USA,2009 World Champs ,8/1/2009,Rome
3,50.01,Milo Cavic,SRB,2009 World Champs ,7/26/2009,Rome
4,50.22,Michael Phelps,USA,2009 USA Swimming National Champs,7/9/2009,Indianapolis
5,50.4,Ian Crocker,USA,2005 World Champs,7/30/2005,Montreal
6,50.76,Ian Crocker,USA,2004 US Olympic Trials,7/13/2004,Long Beach
7,50.98,Ian Crocker,USA,2003 World Champs,7/26/2003,Barcelona
8,51.47,Michael Phelps,USA,2003 World Champs,7/25/2003,Barcelona
9,51.76,Andriy Serdinov,UKR,2003 World Champs,7/25/2003,Barcelona
10,51.81,Michael Klim,AUS,1999 Canberra Invitational,12/12/1999,Canberra
11,52.03,Michael Klim,AUS,,12/10/1999,Canberra
12,52.15,Michael Klim,AUS,,10/9/1997,Brisbane
13,52.27,Denis Pankratov,RUS,,7/24/1996,Atlanta
14,52.32,Denis Pankratov,RUS,,8/23/1995,Vienna
15,52.84,Pablo Morales,USA,,6/23/1986,Orlando
16,53.08,Michael Gross,GER,,7/30/1984,Los Angeles
17,53.38,Pablo Morales,USA,,6/26/1984,Indianapolis
18,53.44,Matt Gribble,USA,,8/6/1983,Clovis
19,53.81,William Paulus,USA,,4/3/1981,Austin
20,54.15,Par Arvidsson,USA,,4/11/1980,Austin
21,54.18,Joseph Bottom,USA,,8/27/1977,Berlin
22,54.27,Mark Spitz,USA,,8/31/1972,Munich
23,54.56,Mark Spitz,USA,,8/4/1972,Chicago
24,54.72,Mark Spitz,USA,,8/4/1972,Chicago
25,55,Mark Spitz,USA,,8/25/1971,Houston
26,55.6,Mark Spitz,USA,,8/30/1968,Long Beach
27,55.7,Mark Spitz,USA,,10/7/1967,Berlin
28,56.3,Douglas Russel,USA,,8/29/1967,Tokyo
28,56.3,Mark Spitz,USA,,7/31/1967,Winnipeg
30,57,Luis Nicolai,ARG,,4/27/1962,Rio de Janeiro
31,58.4,Luis Nicolai,ARG,,4/24/1962,Rio de Janeiro
32,58.6,Fred Schmidt,USA,,8/20/1961,Los Angeles
33,58.7,Lance Larson,USA,,7/24/1960,Toledo
34,59,Lance Larson,USA,,6/29/1960,Los Angeles
,,,,,,
Women's 100 FL LCM,,,,,,
1,55.48,Sarah Sjostrom,SWE,2016 Olympic Games,8/7/2016,Rio
2,55.64,Sarah Sjostrom,SWE,2015 World Champs,8/3/2015,Kazan
3,55.74,Sarah Sjostrom,SWE,2015 World Champs,8/2/2015,Kazan
4,55.98,Dana Vollmer,USA,2012 Olympic Games,7/29/2012,London
5,56.06,Sarah Sjostrom,SWE,2009 World Champs ,7/27/2009,Rome
6,56.44,Sarah Sjostrom,SWE,,7/26/2009,Rome
7,56.61,Inge De Bruijn,NED,2000 Olympic Games,8/1/2000,Sydney
8,56.64,Inge De Bruijn,NED,2000 PN Senior Regional,7/20/2000,Federal Way
1/20/2020 7:18,,,Highlighted Record ,,,19
,,,,,,
Rank,Time,Athlete,Swimmer,Meet Name,Swim,Location
,,,Country,,Date,City
Women's 100 FL LCM,,,,,,
9,56.69,Inge De Bruijn,NED,,5/28/2000,Sheffield
10,57.88,Jenny Thompson,USA,,8/23/1999,Sydney
11,57.93,Mary Meagher,USA,,8/16/1981,Brown Deer
12,59.26,Mary Meagher,USA,,4/11/1980,Austin
13,59.46,Andrea Pollack,GDR,,7/3/1978,Berlin
14,59.78,Christiane Knacke,GDR,,8/28/1977,Berlin
15,01:00.1,Kornelia Ender,GDR,,6/4/1976,Berlin
15,01:00.1,Kornelia Ender,GDR,,7/22/1976,Montreal
17,01:01.2,Kornelia Ender,GDR,,7/24/1975,Cali
18,01:01.3,Kornelia Ender,GDR,,6/9/1975,Wittenberg
19,01:01.9,Rosemarie Kother,GDR,,9/1/1974,Concord
20,01:02.0,Rosemarie Kother,GDR,,8/22/1974,Vienna
21,01:02.1,Rosemarie Kother,GDR,,8/21/1974,Vienna
22,01:02.3,Kornelia Ender,GDR,,7/14/1973,Berlin
23,01:03.0,Kornelia Ender,GDR,,4/14/1973,Berlin
24,01:03.3,Mayumi Aoki,JPN,,9/1/1972,Munich
25,01:03.8,Andrea Gyarmati,HUN,,8/31/1972,Munich
26,01:03.9,Mayumi Aoki,JPN,,7/21/1972,Tokyo
27,01:04.1,Alice Jones,USA,,8/20/1970,Los Angeles
28,01:04.5,Ada Kok,NED,,8/14/1965,Budapest
29,01:04.7,Sharon Stouder,USA,,8/16/1964,Tokyo
30,01:05.1,Ada Kok,NED,,5/30/1964,Blackpool
31,01:06.1,Ada Kok,NED,,9/1/1963,Soestduinen
32,01:06.5,Kathy Ellis,USA,,8/16/1963,High Point
33,01:07.3,Mary Stewart,CAN,,7/28/1962,Vancouver
34,01:07.8,Susan Doerr,USA,,8/12/1961,Philadelphia
35,01:08.2,Susan Doerr,USA,,8/12/1961,Philadelphia
36,01:08.8,Mary Stewart,CAN,,8/12/1961,Philadelphia
37,01:08.9,Janice Andrew,AUS,,4/2/1961,Tokyo
38,01:09.1,Nancy Ramey,USA,,9/2/1959,Chicago
39,01:09.6,Nancy Ramey,USA,,6/28/1958,Los Angeles
40,01:10.5,Atie Voorbij,NED,,8/4/1957,Rhenen
40,01:10.5,Atie Voorbij,NED,,11/12/1956,Hilversum
42,01:11.8,Shelley Mann,USA,,7/7/1956,Tyler
,,,,,,
Men's 200 FL LCM,,,,,,
1,01:50.7,Kristof Milak,HUN,2019 World Champs,7/24/2019,Gwangju
2,01:51.5,Michael Phelps,USA,2009 World Champs ,7/29/2009,Rome
3,01:52.0,Michael Phelps,USA,2008 Olympic Games,8/13/2008,Beijing
4,01:52.1,Michael Phelps,USA,2007 World Champs,3/28/2007,Melbourne
5,01:53.7,Michael Phelps,USA,2007 MV Mizzou Grand Prix,3/28/2007,Melbourne
6,01:53.8,Michael Phelps,USA,2006 Pan Pacific Champs,8/17/2006,Victoria
7,01:53.9,Michael Phelps,USA,2003 World Champs,7/22/2003,Barcelona
8,01:54.6,Michael Phelps,USA,2001 World Champs,7/24/2001,Fukuoka
9,01:54.9,Michael Phelps,USA,2001 Spring Nationals,3/30/2001,Austin
10,01:55.2,Tom Malchow,USA,2000 US Charlotte UltraSwim,6/17/2000,Charlotte
11,01:55.2,Denis Pankratov,RUS,,6/14/1995,Canet
12,01:55.7,Mel Stewart,USA,,1/12/1991,Perth
13,01:56.2,Michael Gross,FRG,,6/28/1986,Hannover
14,01:56.6,Michael Gross,FRG,,8/10/1985,Sofia
1/20/2020 7:18,,,Highlighted Record ,,,20
,,,,,,
Rank,Time,Athlete,Swimmer,Meet Name,Swim,Location
,,,Country,,Date,City
Men's 200 FL LCM,,,,,,
15,01:57.0,Michael Gross,FRG,,6/29/1985,Wuppertal
16,01:57.0,Jon Sieben,AUS,,8/3/1984,Los Angeles
17,01:57.0,Michael Gross,FRG,,8/26/1983,Rome
18,01:58.0,Craig Beardsley,USA,,8/22/1981,Kiey
19,01:58.2,Craig Beardsley,USA,,7/30/1980,Irvine
20,01:59.2,Mike Bruner,USA,,7/18/1976,Montreal
21,01:59.6,Roger Pyttel,FRG,,6/3/1976,Berlin
22,02:00.2,Roger Pyttel,FRG,,6/3/1976,Berlin
23,02:00.7,Mark Spitz,USA,,8/28/1972,Munich
24,02:01.5,Mark Spitz,USA,,8/2/1972,Chicago
25,02:01.9,Mark Spitz,USA,,8/2/1972,Chicago
26,02:03.3,Hans-Joachim ,,,,Landskrona
,,Fassnacht,FRG,,8/31/1971,
27,02:03.9,Mark Spitz,USA,,8/27/1971,Houston
28,02:05.0,Gary Hall,USA,,8/22/1970,Los Angeles
29,02:05.4,Mark Spitz,USA,,8/22/1970,Los Angeles
30,02:05.7,Mark Spitz,USA,,10/8/1967,Berlin
31,02:06.0,John Ferris,USA,,8/30/1967,Tokyo
32,02:06.4,Mark Spitz,USA,,8/12/1967,Oak Park
32,02:06.4,Mark Spitz,USA,,7/26/1967,Winnipeg
34,02:06.6,Kevin Berry,AUS,,10/18/1964,Tokyo
35,02:06.9,Kevin Berry,AUS,,3/29/1964,Sydney
36,02:08.2,Carl Robie,USA,,3/18/1963,Tokyo
,,,,,,
Women's 200 FL LCM,,,,,,
1,02:01.8,Liu Zige,CHN,2009 CHN International,10/21/2009,Jinan
2,02:03.4,Jessicah Schipper,AUS,2009 World Champs ,7/26/2009,Rome
3,02:04.1,Mary Descenza,USA,2009 World Champs ,7/26/2009,Rome
4,02:04.2,Liu Zige,CHN,2008 Olympic Games,8/14/2008,Beijing
5,02:05.4,Jessicah Schipper,AUS,2006 Pan Pacific Champs,8/17/2006,Victoria
6,02:05.6,Otylia Jedrzejczak,POL,2005 World Champs,7/28/2005,Montreal
7,02:05.8,Otylia Jedrzejczak,POL,2002 US European Champs,8/4/2002,Berlin
8,02:05.8,Susie O'Neill,AUS,,5/21/2000,Sydney
9,02:06.0,Mary Meagher,USA,,8/13/1981,Brown Beer
10,02:06.4,Mary Meagher,USA,,7/7/1980,Irvine
11,02:07.0,Mary Meagher,USA,,8/6/1979,FtLauderdale
12,02:08.4,Mary Meagher,USA,,8/6/1979,FtLauderdale
13,02:09.8,Mary Meagher,USA,,7/7/1979,San Juan
14,02:09.9,Tracy Caulkins,USA,,8/26/1978,Berlin
14,02:09.9,Andrea Pollack,GDR,,7/4/1978,Berlin
16,02:11.2,Andrea Pollack,GDR,,4/9/1978,Leningrad
17,02:11.2,Rosemarie Gabriel,GDR,,6/5/1976,Berlin
18,02:12.8,Rosemarie Gabriel,GDR,,6/4/1976,Berlin
19,02:13.6,Rosemarie Gabriel,GDR,,3/14/1976,Tallinn
20,02:13.8,Rosemarie Kother,GDR,,9/8/1973,Belgrade
21,02:15.4,Rosemarie Kother,GDR,,9/8/1973,Belgrade
22,02:15.6,Karen Moe,USA,,9/4/1972,Munich
23,02:16.6,Karen Moe,USA,,9/10/1972,Chicago
24,02:18.4,Ellie Daniel,USA,,8/28/1971,Houston
24,02:18.4,Ellie Daniel,USA,,9/10/1971,Houston
1/20/2020 7:18,,,Highlighted Record ,,,21
,,,,,,
Rank,Time,Athlete,Swimmer,Meet Name,Swim,Location
,,,Country,,Date,City
Women's 200 FL LCM,,,,,,
26,02:18.6,Karen Moe,USA,,8/7/1971,Santa Clara
27,02:19.3,Alice Jones,USA,,8/22/1970,Los Angeles
28,02:20.7,Karen Moe,USA,,7/11/1970,Santa Clara
29,02:21.0,Ada Kok,NED,,8/25/1967,Blackpool
30,02:22.5,Ada Kok,NED,,8/2/1967,Groningen
31,02:25.3,Ada Kok,NED,,9/12/1965,Groningen
32,02:25.8,Ada Kok,NED,,8/21/1965,Leiden
33,02:26.3,Kendis Drake,USA,,8/15/1965,Maumee
34,02:26.4,Sharon Stouder,USA,,8/2/1964,Los Altos
35,02:28.1,Sharon Stouder,USA,,7/12/1964,Los Angeles
36,02:29.1,Sue Anderson,USA,,7/27/1963,Philadelphia
37,02:30.7,Sharon Finneran,USA,,8/28/1962,Los Altos
38,02:31.2,Sharon Finneran,USA,,8/19/1962,Chicago
39,02:32.8,Rebecca Collins,USA,,8/13/1961,Philadelphia
,,,,,,
Men's 200 IM LCM,,,,,,
1,01:54.0,Ryan Lochte,USA,2011 World Champs,7/28/2011,Shanghai
2,01:54.1,Ryan Lochte,USA,2009 World Champs ,7/26/2009,Rome
3,01:54.2,Michael Phelps,USA,2008 Olympic Games,8/9/2008,Beijing
4,01:54.8,Michael Phelps,USA,2008 Olympic Trials,7/4/2008,Omaha
5,01:55.0,Michael Phelps,USA,2007 World Champs,3/29/2007,Melbourne
6,01:55.8,Michael Phelps,USA,2006 Pan Pacific Champs,8/20/2006,Victoria
7,01:55.9,Michael Phelps,USA,2003 ConocoPhillips Nationals,8/9/2003,College Park
8,01:56.0,Michael Phelps,USA,2003 World Champs,7/25/2003,Barcelona
9,01:57.5,Michael Phelps,USA,2003 World Champs,7/24/2003,Barcelona
10,01:57.9,Michael Phelps,,2003 PC Santa Clara XXXVI ,,Santa Clara
,,,USA,International,6/29/2003,
11,01:58.2,Jani Sievinen,FIN,,9/11/1994,Rome
12,01:59.4,Tamas Darnyi,HUN,,1/13/1991,Perth
13,02:00.1,Dave Wharton,USA,,8/20/1989,Tokyo
14,02:00.2,Tamas Darnyi,HUN,,9/25/1988,Seoul
15,02:00.6,Tamas Darnyi,HUN,,8/23/1987,Strasbourg
16,02:01.4,Alex Baumann,CAN,,8/4/1984,Los Angeles
17,02:02.3,Alex Baumann,CAN,,6/17/1984,Toronto
18,02:02.8,Alex Baumann,CAN,,7/29/1981,Heidelberg
19,02:03.0,Jeremy Reingold,RSA,,9/26/1980,Cape Town
20,02:03.2,Bill Barrett,USA,,8/1/1980,Irvine
21,02:03.3,Jesse Vassallo,USA,,7/6/1979,San Juan
22,02:03.7,Graham Smith,CAN,,8/24/1978,Berlin
23,02:04.4,Steve Lundquist,USA,,8/2/1978,Woodlands
24,02:05.2,Oleksandr Sydorenko,RUS,,7/9/1978,Moscow
25,02:05.3,Graham Smith,CAN,,8/4/1977,Montreal
26,02:06.1,Bruce Furniss,USA,,8/23/1975,Kansas City
27,02:06.3,Steven Furniss,USA,,9/1/1974,Concord
27,02:06.3,David Wilkie,GBR,,8/24/1974,Vienna
29,02:07.2,Gunnar Larsson,SWE,,9/3/1972,Munich
30,02:09.3,Gary Hall,USA,,8/6/1972,Chicago
30,02:09.3,Gunnar Larsson,SWE,,9/12/1970,Barcelona
32,02:09.5,Gary Hall,USA,,8/23/1970,Los Angeles
33,02:09.6,Gary Hall,USA,,8/17/1969,Louisville
1/20/2020 7:18,,,Highlighted Record ,,,22
,,,,,,
Rank,Time,Athlete,Swimmer,Meet Name,Swim,Location
,,,Country,,Date,City
Men's 200 IM LCM,,,,,,
34,02:10.6,Charles Hickcox,USA,,8/31/1968,Long Beach
35,02:11.3,Greg Buckingham,USA,,8/23/1967,Oak Park
36,02:12.4,Greg Buckingham,USA,,8/21/1966,Lincoln
,,,,,,
Women's 200 IM LCM,,,,,,
1,02:06.1,Katinka Hosszu,HUN,2015 World Champs,8/3/2015,Kazan
2,02:06.2,Ariana Kukors,USA,2009 World Champs ,7/27/2009,Rome
3,02:07.0,Ariana Kukors,USA,2009 World Champs ,7/26/2009,Rome
4,02:08.4,Stephanie Rice,AUS,2008 Olympic Games,8/13/2008,Beijing
5,02:08.9,Stephanie Rice,AUS,2008 AUS Olympic Trials,3/25/2008,Sydney
6,02:09.7,Wu Yanyan,CHN,1997 US Chinese National Games,10/17/1997,Shanghai
7,02:11.7,Lin Li,CHN,,7/30/1992,Barcelona
8,02:11.7,Ute Geweniger,GDR,,7/4/1981,Berlin
9,02:13.0,Petra Schneider,GDR,,5/24/1980,Magdeburg
10,02:13.7,Tracy Caulkins,USA,,1/5/1980,Austin
11,02:14.1,Tracy Caulkins,USA,,8/20/1978,West Berlin
12,02:15.1,Tracy Caulkins,USA,,8/2/1978,Woodlands
13,02:15.9,Ulrike Tauber,GDR,,8/28/1977,Berlin
14,02:15.9,Ulrike Tauber,GDR,,8/20/1977,Jonkoping
15,02:17.0,Ulrike Tauber,GDR,,7/10/1977,Leipzig
16,02:17.1,Kornelia Ender,GDR,,6/5/1976,Berlin
17,02:18.3,Ulrike Tauber,GDR,,3/12/1976,Tallinn
18,02:18.8,Ulrike Tauber,GDR,,6/10/1975,Wittenberg
19,02:19.0,Ulrike Tauber,GDR,,8/18/1974,Vienna
20,02:20.5,Andrea Hubner,GDR,,9/4/1973,Belgrade
21,02:23.0,Kornelia Ender,GDR,,4/13/1973,Berlin
22,02:23.1,Shane Gould,AUS,,8/28/1972,Munich
23,02:23.5,Claudia Kolb,USA,,8/25/1968,Los Angeles
24,02:25.0,Claudia Kolb,USA,,8/18/1967,Philadelphia
25,02:26.1,Claudia Kolb,USA,,7/30/1967,Winnipeg
26,02:27.5,Claudia Kolb,USA,,7/8/1967,Santa Clara
27,02:27.8,Claudia Kolb,USA,,8/21/1966,Lincoln
,,,,,,
Men's 400 IM LCM,,,,,,
1,04:03.8,Michael Phelps,USA,2008 Olympic Games,8/10/2008,Beijing
2,04:05.2,Michael Phelps,USA,2008 Olympic Trials,6/29/2008,Omaha
3,04:06.2,Michael Phelps,USA,2007 World Champs,4/1/2007,Melbourne
4,04:08.3,Michael Phelps,USA,2004 Olympic Games,8/14/2004,Athens
5,04:08.4,Michael Phelps,USA,2004 US Olympic Trials,7/7/2004,Long Beach
6,04:09.1,Michael Phelps,USA,2003 World Champs,7/27/2003,Barcelona
7,04:10.7,Michael Phelps,USA,2003 Mutual of Omaha Duel in the Pool ,4/6/2003,Indianapolis
8,04:11.1,Michael Phelps,USA,2002 US Phillips 66 Nationals,8/15/2002,FtLauderdale
9,04:11.8,Tom Dolan,USA,2000 Olympic Games,9/17/2000,Sydney
10,04:12.3,Tom Dolan,USA,,9/6/1994,Rome
11,04:12.4,Tamas Darnyi,HUN,,1/8/1991,Perth
12,04:14.7,Tamas Darnyi,HUN,,9/21/1988,Seoul
13,04:15.4,Tamas Darnyi,HUN,,8/19/1987,Strasbourg
14,04:16.1,Dave Wharton,USA,,8/14/1987,Brisbane
15,04:17.4,Alex Baumann,CAN,,7/30/1984,Los Angeles
16,04:17.5,Alex Baumann,CAN,,6/17/1984,Etobicoke
1/20/2020 7:18,,,Highlighted Record ,,,23
,,,,,,
Rank,Time,Athlete,Swimmer,Meet Name,Swim,Location
,,,Country,,Date,City
Men's 400 IM LCM,,,,,,
17,04:19.6,Jens-Peter Berndt,GDR,,5/23/1984,Magdeburg
18,04:19.8,Ricardo Prado,BRA,,8/2/1982,Guayaquil
19,04:20.0,Jesse Vassallo,USA,,8/22/1978,Berlin
20,04:23.4,Jesse Vassallo,USA,,8/4/1978,Woodlands
21,04:23.7,Rodney Strachan,USA,,7/25/1976,Montreal
22,04:26.0,Zoltan Verraszto,HUN,,4/2/1976,Long Beach
23,04:28.9,Hargitay Andras,HUN,,8/20/1974,Vienna
24,04:30.8,Gary Hall,USA,,8/3/1972,Chicago
25,04:31.0,Gary Hall,USA,,8/21/1970,Los Angeles
26,04:33.9,Gary Hall,USA,,8/15/1969,Louisville
27,04:38.7,Gary Hall,USA,,7/11/1969,Santa Clara
28,04:39.0,Charles Hickcox,USA,,8/30/1968,Long Beach
29,04:43.3,Charles Hickcox,USA,,8/30/1968,Long Beach
30,04:43.4,Gary Hall,USA,,7/20/1968,Los Angeles
31,04:45.1,Greg Buckingham,USA,,7/6/1968,Santa Clara
32,04:45.3,Andrei Dunaev,RUS,,4/3/1968,Tallinen
33,04:45.4,Dick Roth,USA,,10/14/1964,Tokyo
34,04:48.6,Dick Roth,USA,,7/31/1964,Los Altos
35,04:50.2,Gerhard Hetz,GDR,,10/12/1963,Moscow
36,04:51.0,Ted Stickles,USA,,7/12/1962,Louisville
37,04:51.4,Ted Stickles,USA,,6/30/1962,Chicago
38,04:53.8,Gerhard Hetz,GDR,,5/24/1962,Moscow
39,04:55.6,Ted Stickles,USA,,8/18/1961,Los Angeles
40,05:04.3,Ted Stickles,USA,,7/1/1961,Chicago
,,,,,,
Women's 400 IM LCM,,,,,,
1,04:26.4,Katinka Hosszu,HUN,2016 Olympic Games,8/6/2016,Rio
2,04:28.4,Ye Shiwen,CHN,2012 Olympic Games,7/28/2012,London
3,04:29.5,Stephanie Rice,AUS,2008 Olympic Games,8/10/2008,Beijing
4,04:31.1,Katie Hoff,USA,2008 Olympic Trials,6/29/2008,Omaha
5,04:31.5,Stephanie Rice,AUS,2008 AUS Olympic Trials,3/22/2008,Sydney
6,04:32.9,Katie Hoff,USA,2007 World Champs,4/1/2007,Melbourne
7,04:33.6,Yana Klochkova,UKR,2000 Olympic Games,9/16/2000,Sydney
8,04:34.8,Chen Yan,CHN,,10/13/1997,Shanghai
9,04:36.1,Petra Schneider,GDR,,8/1/1982,Guayaquil
10,04:36.3,Petra Schneider,GDR,,7/26/1980,Moscow
11,04:38.4,Petra Schneider,GDR,,5/27/1980,Magdeburg
12,04:40.0,Petra Schneider,GDR,,3/30/1980,Leningrad
13,04:40.8,Tracy Caulkins,USA,,8/23/1978,West Berlin
14,04:42.8,Ulrike Tauber,GDR,,7/24/1976,Montreal
15,04:48.8,Birgit Treiber,GDR,,6/1/1976,Berlin
16,04:52.2,Ulrike Tauber,GDR,,6/7/1975,Wittenberg
17,04:52.4,Ulrike Tauber,GDR,,8/21/1974,Vienna
18,04:57.5,Gudrum Wegner,GDR,,9/6/1973,Belgrade
19,05:01.1,Angela Franke,GDR,,8/18/1973,Utrecht
20,05:03.0,Gail Neall,AUS,,8/31/1972,Munich
21,05:04.7,Claudia Kolb,USA,,8/24/1968,Los Angeles
22,05:08.2,Claudia Kolb,USA,,8/19/1967,Philadelphia
23,05:09.7,Claudia Kolb,USA,,8/1/1967,Winnipeg
24,05:11.7,Claudia Kolb,USA,,7/9/1967,Santa Clara
1/20/2020 7:18,,,Highlighted Record ,,,24
,,,,,,
Rank,Time,Athlete,Swimmer,Meet Name,Swim,Location
,,,Country,,Date,City
Women's 400 IM LCM,,,,,,
25,05:14.9,Donna de Varona,USA,,8/30/1964,New York
26,05:16.5,Donna de Varona,USA,,3/10/1964,Lima
27,05:21.9,Sharon Finneran,USA,,7/28/1962,Osaka
28,05:24.7,Donna de Varona,USA,,7/26/1962,Osaka
29,05:27.4,Sharon Finneran,USA,,7/26/1962,Osaka
30,05:29.7,Donna de Varona,USA,,6/2/1962,Los Altos
31,05:34.5,Donna de Varona,USA,,8/11/1961,Philadelphia
32,05:36.5,Donna de Varona,USA,,7/15/1960,Indianapolis
,,,,,,
Men's 400 FR-R LCM,,,,,,
1,03:08.2,Michael Phelps,USA,,8/11/2008,Beijing
,,,,,,
Women's 400 FR-R LCM,,,,,,
1,03:30.0,Shayna Jack,AUS,,4/5/2018,Gold Coast
2,03:30.7,Emma McKeon,,,8/6/2016,Rio
3,03:31.0,Bronte Campbell,AUS,,7/24/2014,Glasgow
4,03:31.7,Inge Dekker,NED,,7/26/2009,Rome
,,,,,,
Mixed 400 FR-R LCM,,,,,,
1,03:19.4,Caeleb Dressel,USA,,7/27/2019,Gwangju
2,03:19.6,Caeleb Dressel,USA,,7/29/2017,Budapest
3,03:23.0,Ryan Lochte,USA,,8/8/2015,Kazan
,,,,,,
Men's 800 FR-R LCM,,,,,,
1,06:58.6,Michael Phelps,USA,,7/31/2009,Rome
,,,,,,
Women's 800 FR-R LCM,,,,,,
1,07:41.5,Ariarne Titmus,AUS,,7/28/2019,Gwangju
2,07:42.1,Yang Yu,CHN,,7/30/2009,Rome
,,,,,,
Men's 400 MED-R LCM,,,,,,
1,03:27.3,Aaron Peirsol,USA,,8/2/2009,Rome
,,,,,,
Women's 400 MED-R LCM,,,,,,
1,03:50.4,Regan Smith,USA,,7/28/2019,Gwangju
2,03:51.5,Kathleen Baker,USA,,7/30/2017,Budapest
3,03:52.0,Missy Franklin,USA,,8/4/2012,London
,,,,,,
Mixed 400 MED-R LCM,,,,,,
1,03:38.6,Matt Grevers,USA,,7/26/2017,Budapest
2,03:40.3,Ryan Murphy,USA,,7/26/2017,Budapest
3,03:41.7,Chris Walker-Hebborn,GBR,,8/5/2015,Kazan
4,03:42.3,Ryan Murphy,USA,,8/5/2015,Kazan
