1/30/2020 6:38:05 PM,,,,,,Highlighted Record ,,,,,,,Page,1,of,12
,,,,World Record Progressions,,,,,,,,,,,,
Rank,Time,Athlete,,,,Swimmer,,Meet Name,,,,Swim,,Location,,
,,,,,,Country,,,,,,Date,,City,,
Men's 50 FR SCM,,,,,,,,,,,,,,,,
1,20.24,Caeleb Dressel,,,,USA,,2019 ISL Championship,,,,12/20/2019,,"Las Vegas, NV",,
2,20.26,Florent Manaudou,,,,FRA,,2014 SCM World Champs ,,,,12/5/2014,,Doha,,
3,20.30,Roland Schoeman,,,,RSA,,,,,,8/8/2009,,Pietermaritzburg,,
4,20.48,Amaury Leveaux,,,,FRA,,2008 European SC Champs ,,,,12/11/2008,,,,
5,20.64,Roland Schoeman,,,,RSA,,,,,,9/6/2008,,Germiston,,
6,20.81,Duje Draganja,,,,CRO,,2008 SC Worlds Champs,,,,4/9/2008,,,,
7,20.93,Stefan Nystrand,,,,SWE,,,,,,11/18/2007,,,,
8,20.98,Roland Schoeman,,,,RSA,,,,,,8/12/2006,,,,
9,21.10,Fred Bousquet,,,,FRA,,,,,,3/25/2004,,,,
10,21.13,Mark Foster,,,,GBR,,,,,,1/28/2001,,,,
11,21.21,Tony Ervin,,,,USA,,,,,,2/23/2000,,,,
12,21.28,Roland Schoeman,,,,RSA,,,,,,3/23/2000,,,,
13,21.31,Mark Foster,,,,GBR,,,,,,12/13/1998,,,,
13,21.31,Roland Schoeman,,,,RSA,,,,,,3/23/2000,,,,
15,21.48,Mark Foster,,,,GBR,,,,,,12/13/1998,,,,
16,21.50,Alexander Popov,,,,RUS,,,,,,3/13/1994,,,,
17,21.60,Mark Foster,,,,GBR,,,,,,2/17/1993,,,,
18,21.64,Steve Crocker,,,,USA,,,,,,3/24/1992,,,,
,,,,,,,,,,,,,,,,
Women's 50 FR SCM,,,,,,,,,,,,,,,,
1,22.93,Ranomi Kromowidjojo,,,,NED,,2017 World Cup - Berlin,,,,8/7/2017,,Berlin,,
2,23.10,Sarah Sjostrom,,,,SWE,,2017 World Cup - Moscow,,,,8/2/2017,,Moscow,,
3,23.24,Ranomi Kromowidjojo,,,,NED,,2013 World Cup2 - Eindhoven ,,,,8/7/2013,,Eindhoven,,
3,23.24,Ranomi Kromowidjojo,,,,NED,,Mutual of Omaha Duel in the Pool,,,,12/12/2015,,Indianapolis,,
5,23.25,Marleen Veldhuis,,,,NED,,,,,,4/13/2008,,,,
6,23.58,Marleen Veldhuis,,,,NED,,,,,,11/17/2007,,,,
7,23.59,Therese Alshammar,,,,SWE,,,,,,3/18/2000,,,,
8,24.09,Therese Alshammar,,,,SWE,,,,,,12/11/1999,,,,
9,24.23,Le Jingyi,,,,CHN,,,,,,12/2/1993,,,,
10,24.62,Le Jingyi,,,,CHN,,,,,,12/3/1993,,,,
11,24.75,Franziska Van Almsick,,,,GER,,,,,,11/7/1992,,,,
,,,,,,,,,,,,,,,,
Men's 100 FR SCM,,,,,,,,,,,,,,,,
1,44.94,Amaury Leveaux,,,,FRA,,2008 European SC Champs ,,,,12/13/2008,,Rijeka,,
2,45.12,Amaury Leveaux,,,,FRA,,2008 European SC Champs ,,,,12/11/2008,,,,
3,45.69,Alain Bernard,,,,FRA,,,,,,12/7/2009,,,,
4,45.83,Stefan Nystrand,,,,SWE,,,,,,11/17/2007,,,,
5,46.25,Ian Crocker,,,,USA,,,,,,3/27/2004,,,,
5,46.25,Roland Schoeman,,,,RSA,,,,,,1/22/2005,,,,
7,46.74,Alexander Popov,,,,RUS,,,,,,3/18/1994,,,,
8,47.12,Alexander Popov,,,,RUS,,,,,,3/12/1994,,,,
9,47.82,Alexander Popov,,,,RUS,,,,,,1/5/1994,,,,
10,47.83,Alexander Popov,,,,RUS,,,,,,1/1/1994,,,,
11,47.94,Gustavo Borges,,,,BRA,,,,,,6/2/1993,,,,
,,,,,,,,,,,,,,,,
Women's 100 FR SCM,,,,,,,,,,,,,,,,
1,50.25,Cate Campbell,,,,AUS,,2017 Hancock Prospecting Short,,,,10/26/2017,,Adelaide,,
2,50.58,Sarah Sjostrom,,,,SWE,,2017 World Cup - Eindhoven,,,,8/11/2017,,Eindhoven,,
3,50.77,Sarah Sjostrom,,,,SWE,,2017 World Cup - Moscow,,,,8/3/2017,,Moscow,,
4,50.91,Cate Campbell,,,,AUS,,2015 Hancock Prospecting Austr,,,,11/28/2015,,Sydney,,
1/30/2020 6:38:05 PM,,,,,,Highlighted Record ,,,,,,,Page,2,of,12
,,,,World Record Progressions,,,,,,,,,,,,
Rank,Time,Athlete,,,,Swimmer,,Meet Name,,,,Swim,,Location,,
,,,,,,Country,,,,,,Date,,City,,
Women's 100 FR SCM,,,,,,,,,,,,,,,,
5,51.01,Libby Trickett,,,,AUS,,2012 SCM Fina meet,,,,8/10/2009,,Hobart,,
6,51.70,Libby Trickett,,,,AUS,,,,,,8/9/2005,,,,
7,51.91,Libby Trickett,,,,AUS,,,,,,8/8/2005,,,,
8,52.17,Therese Alshammar,,,,SWE,,,,,,3/17/2000,,,,
9,52.80,Therese Alshammar,,,,SWE,,,,,,12/10/1999,,,,
10,53.01,Le Jingyi,,,,CHN,,,,,,12/2/1993,,,,
11,53.33,Franziska Van Almsick,,,,,,,,,,1/10/1993,,,,
12,53.46,Franziska Van Almsick,,,,GER,,,,,,1/6/1993,,,,
,,,,,,,,,,,,,,,,
Men's 200 FR SCM,,,,,,,,,,,,,,,,
1,1:39.37,Paul Biedermann,,,,GER,,FINA/ARENA Swimming World Cup ,,,,11/15/2009,,Berlin,,
,,,,,,,,2009,,,,,,,,
2,1:40.83,Paul Biedermann,,,,GER,,,,,,11/16/2008,,,,
3,1:41.10,Ian Thorpe,,,,AUS,,,,,,2/6/2000,,,,
4,1:42.54,Ian Thorpe,,,,AUS,,,,,,1/18/2000,,,,
5,1:43.28,Ian Thorpe,,,,AUS,,,,,,4/1/1999,,,,
,,,,,,,,,,,,,,,,
Women's 200 FR SCM,,,,,,,,,,,,,,,,
1,1:50.43,Sarah Sjostrom,,,,SWE,,2017 World Cup - Eindhoven,,,,8/12/2017,,Eindhoven,,
2,1:50.78,Sarah Sjostrom,,,,SWE,,2014 SCM World Champs ,,,,12/7/2014,,Doha,,
3,1:51.17,Federica Pellegrini,,,,ITA,,2009 European SC Champs,,,,12/13/2009,,Istanbul,,
4,1:51.85,Federica Pellegrini,,,,ITA,,,,,,12/14/2008,,,,
5,1:53.18,Coralie Balmy,,,,FRA,,,,,,12/6/2008,,,,
6,1:53.29,Libby Trickett,,,,AUS,,,,,,11/19/2005,,,,
7,1:54.04,Lindsay Mintenko,,,,USA,,,,,,4/7/2002,,,,
8,1:54.17,Claudia Poll,,,,CRC,,,,,,4/18/1997,,,,
9,1:55.42,Claudia Poll,,,,CRC,,,,,,12/1/1995,,,,
10,1:55.84,Franziska Van Almsick,,,,GER,,,,,,1/9/1993,,,,
,,,,,,,,,,,,,,,,
Men's 400 FR SCM,,,,,,,,,,,,,,,,
1,3:32.25,Yannick Agnel,,,,FRA,,French Short Course Swimming ,,,,11/15/2012,,Angers,,
,,,,,,,,Championships,,,,,,,,
2,3:32.77,Paul Biedermann,,,,GER,,,,,,11/14/2009,,,,
3,3:34.58,Grant Hackett,,,,AUS,,2002 Telstra Grand Prix,,,,7/18/2002,,,,
4,3:35.01,Grant Hackett,,,,AUS,,,,,,4/2/1998,,Hong Kong,,
,,,,,,,,,,,,,,,,
Women's 400 FR SCM,,,,,,,,,,,,,,,,
1,3:53.92,Ariarne Titmus,,,,AUS,,2018 SCM World Champs,,,,12/14/2018,,Hangzhou,,
2,3:53.97,Wang Jianjiahe,,,,CHN,,2018 World Cup - Budapest,,,,10/4/2018,,Budapest,,
3,3:54.52,Mireia Belmonte,,,,ESP,,2013 World Cup - Berlin,,,,8/11/2013,,Berlin,,
4,3:54.85,Camille Muffat,,,,FRA,,2012 European SCM Champs,,,,11/22/2012,,Chartres,,
5,3:54.92,Joanne Jackson,,,,GBR,,2000 Duel Invite,,,,8/8/2009,,Leeds,,
6,3:56.09,Laure Manaudou,,,,FRA,,,,,,12/9/2006,,,,
7,3:56.79,Laure Manaudou,,,,FRA,,,,,,10/10/2005,,,,
8,3:59.53,Lindsay Mintenko,,,,USA,,,,,,1/26/2003,,,,
9,4:00.03,Claudia Poll,,,,CRC,,,,,,4/19/1997,,,,
,,,,,,,,,,,,,,,,
Men's 800 FR SCM,,,,,,,,,,,,,,,,
1,7:23.42,Grant Hackett,,,,AUS,,Top Times (personal best),,,,7/20/2008,,Melbourne,,
2,7:25.28,Grant Hackett,,,,AUS,,,,,,8/3/2001,,,,
3,7:34.90,Kieren Perkins,,,,AUS,,,,,,7/25/1993,,,,
1/30/2020 6:38:05 PM,,,,,,Highlighted Record ,,,,,,,Page,3,of,12
,,,,World Record Progressions,,,,,,,,,,,,
Rank,Time,Athlete,,,,Swimmer,,Meet Name,,,,Swim,,Location,,
,,,,,,Country,,,,,,Date,,City,,
Women's 800 FR SCM,,,,,,,,,,,,,,,,
1,7:59.34,Mireia Belmonte,,,,ESP,,2013 World Cup - Berlin,,,,8/10/2013,,Berlin,,
2,8:01.06,Camille Muffat,,,,FRA,,French Short Course Swimming ,,,,11/16/2012,,Angers,,
,,,,,,,,Championships,,,,,,,,
3,8:04.53,Alessia Filippi,,,,ITA,,,,,,12/12/2008,,,,
4,8:08.00,Kate Ziegler,,,,USA,,,,,,10/14/2007,,,,
5,8:09.68,Kate Ziegler,,,,,,,,,,10/12/2007,,,,
6,8:11.25,Laure Manaudou,,,,FRA,,,,,,12/9/2006,,,,
7,8:13.35,Sachiko Yamada,,,,JPN,,,,,,1/24/2004,,,,
8,8:14.35,Sachiko Yamada,,,,JPN,,,,,,4/2/2002,,,,
9,8:15.15,Chen Hua,,,,CHN,,,,,,12/2/2001,,,,
,,,,,,,,,,,,,,,,
Men's 1500 FR SCM,,,,,,,,,,,,,,,,
1,14:08.06,Gregorio Paltrinieri,,,,ITA,,2015 European SC Champs,,,,12/4/2015,,Netanya,,
2,14:10.10,Grant Hackett,,,,AUS,,2001 Australia SCM Champs,,,,8/7/2001,,Perth,,
3,14:19.55,Grant Hackett,,,,AUS,,,,,,9/27/1998,,,,
4,14:26.52,Kieren Perkins,,,,AUS,,,,,,7/14/1993,,,,
5,14:32.40,Kieren Perkins,,,,AUS,,,,,,2/2/1992,,,,
,,,,,,,,,,,,,,,,
Women's 1500 FR SCM,,,,,,,,,,,,,,,,
1,15:19.71,Mireia Belmonte,,,,ESP,,,,,,12/12/2014,,Sabadell,,
2,15:22.68,Lauren Boyle,,,,NZL,,2014 Wellington Winter Championships,,,,8/9/2014,,Wellington,,
3,15:26.95,Mireia Belmonte,,,,ESP,,Spanish Winter Championships,,,,11/29/2013,,Castellon,,
4,15:28.65,Lotte Friis,,,,DEN,,,,,,11/28/2009,,,,
5,15:32.90,Kate Ziegler,,,,USA,,,,,,10/12/2007,,,,
6,15:42.39,Laure Manaudou,,,,FRA,,,,,,11/20/2004,,,,
,,,,,,,,,,,,,,,,
Men's 50 BK SCM,,,,,,,,,,,,,,,,
1,22.22,Florent Manaudou,,,,FRA,,2014 SCM World Champs ,,,,12/6/2014,,Doha,,
2,22.61,Peter Marshall,,,,USA,,,,,,11/22/2009,,Singapore,,
3,22.73,Peter Marshall,,,,USA,,,,,,11/11/2009,,,,
4,22.75,Peter Marshall,,,,USA,,,,,,10/17/2009,,,,
5,22.87,Randall Bal,,,,USA,,,,,,11/16/2008,,,,
6,23.05,Peter Marshall,,,,USA,,,,,,11/12/2008,,,,
7,23.24,Bobby Hurley,,,,AUS,,,,,,10/26/2008,,,,
8,23.27,Thomas Rupprath,,,,GER,,,,,,12/10/2004,,,,
9,23.31,Matt Welsh,,,,AUS,,,,,,9/2/2002,,,,
10,23.42,Neil Walker,,,,USA,,,,,,3/16/2000,,,,
11,24.04,Neil Walker,,,,USA,,,,,,3/16/2000,,,,
12,24.11,Matt Welsh,,,,AUS,,,,,,1/14/2000,,,,
13,24.12,Neil Walker,,,,USA,,,,,,11/18/1999,,,,
14,24.13,Thomas Rupprath,,,,GER,,,,,,12/11/1998,,,,
14,24.13,Matt Welsh,,,,AUS,,,,,,9/2/1999,,,,
16,24.25,Chris Renaud,,,,CAN,,,,,,2/28/1997,,,,
17,24.37,Jeff Rouse,,,,USA,,,,,,2/12/1996,,,,
,,,,,,,,,,,,,,,,
Women's 50 BK SCM,,,,,,,,,,,,,,,,
1,25.67,Etiene Medeiros,,,,BRA,,2014 SCM World Champs ,,,,12/7/2014,,Doha,,
2,25.70,Sanja Jovanovic,,,,CRO,,,,,,12/12/2009,,Istanbul,,
3,25.82,Zhao Jing,,,,CHN,,,,,,11/10/2009,,,,
4,26.08,Zhao Jing,,,,CHN,,,,,,11/10/2009,,,,
5,26.17,Marieke D'Cruz,,,,AUS,,,,,,11/6/2009,,,,
1/30/2020 6:38:05 PM,,,,,,Highlighted Record ,,,,,,,Page,4,of,12
,,,,World Record Progressions,,,,,,,,,,,,
Rank,Time,Athlete,,,,Swimmer,,Meet Name,,,,Swim,,Location,,
,,,,,,Country,,,,,,Date,,City,,
Women's 50 BK SCM,,,,,,,,,,,,,,,,
6,26.23,Sanja Jovanovic,,,,CRO,,,,,,12/13/2008,,,,
7,26.37,Sanja Jovanovic,,,,CRO,,,,,,4/13/2008,,,,
8,26.50,Sanja Jovanovic,,,,CRO,,,,,,12/15/2007,,,,
9,26.83,Li Hui,,,,CHN,,,,,,12/2/2001,,,,
10,27.25,Haley Clark,,,,USA,,,,,,3/17/2000,,,,
11,27.27,Sandra Volker,,,,GER,,,,,,12/13/1998,,,,
,,,,,,,,,,,,,,,,
Men's 100 BK SCM,,,,,,,,,,,,,,,,
1,48.88,Xu Jiayu,,,,CHN,,2018 World Cup - Toyko,,,,11/11/2018,,Tokyo,,
2,48.90,Kliment Kolesnikov,,,,RUS,,,,,,12/22/2017,,St-Peterburg,,
3,48.92,Matt Grevers,,,,USA,,Mutual of Omaha Duel in the Pool,,,,12/12/2015,,Indianapolis,,
4,48.94,Nick Thoman,,,,USA,,Top Times (personal best),,,,12/18/2009,,Manchester,,
5,48.97,Stanislav Donets,,,,RUS,,,,,,12/13/2009,,,,
5,48.97,Arkady Vyatchanin,,,,RUS,,,,,,12/13/2009,,,,
7,49.17,Arkady Vyatchanin,,,,RUS,,,,,,12/12/2009,,,,
8,49.20,Aschwin Wildeboer ,,,,ESP,,,,,,12/21/2008,,,,
,,Faber,,,,,,,,,,,,,,
9,49.32,Stanislav Donets,,,,RUS,,,,,,12/14/2008,,,,
10,49.63,Peter Marshall,,,,USA,,,,,,11/15/2008,,,,
11,49.94,Peter Marshall,,,,USA,,,,,,11/11/2008,,,,
12,49.99,Ryan Lochte,,,,USA,,,,,,4/9/2006,,,,
13,50.32,Peter Marshall,,,,USA,,,,,,3/26/2004,,,,
14,50.58,Thomas Rupprath,,,,GER,,,,,,12/8/2002,,,,
15,50.75,Neil Walker,,,,USA,,,,,,3/19/2000,,,,
16,51.28,Lenny Krayzelburg,,,,USA,,,,,,2/5/2000,,,,
17,51.43,Jeff Rouse,,,,USA,,,,,,4/12/1993,,,,
18,52.50,Mark Tewksbury,,,,CAN,,,,,,2/22/1992,,,,
19,52.58,Mark Tewksbury,,,,CAN,,,,,,3/30/1991,,,,
20,52.71,Mark Tewksbury,,,,CAN,,,,,,3/17/1991,,,,
,,,,,,,,,,,,,,,,
Women's 100 BK SCM,,,,,,,,,,,,,,,,
1,54.89,Minna Atherton,,,,AUS,,,,,,10/27/2019,,Budapest,,
2,55.03,Katinka Hosszu,,,,HUN,,2014 SCM World Champs ,,,,12/4/2014,,Doha,,
3,55.23,Shiho Sakai,,,,JPN,,FINA/ARENA Swimming World Cup ,,,,11/15/2009,,Berlin,,
,,,,,,,,2009,,,,,,,,
4,56.15,Shiho Sakai,,,,JPN,,,,,,2/22/2009,,,,
5,56.51,Natalie Hall,,,,USA,,,,,,10/28/2007,,,,
6,56.71,Natalie Hall,,,,USA,,,,,,11/23/2002,,,,
7,57.08,Natalie Hall,,,,,,,,,,11/28/2001,,,,
8,58.45,Mai Nakamura,,,,JPN,,,,,,3/4/2001,,,,
9,58.50,Angel Martino,,,,USA,,,,,,12/3/1993,,,,
10,59.41,Angel Martino,,,,USA,,,,,,11/20/1993,,,,
,,,,,,,,,,,,,,,,
Men's 200 BK SCM,,,,,,,,,,,,,,,,
1,1:45.63,Mitch Larkin,,,,AUS,,2015 Hancock Prospecting Austr,,,,11/27/2015,,Sydney,,
2,1:46.11,Arkady Vyatchanin,,,,RUS,,FINA/ARENA Swimming World Cup ,,,,11/15/2009,,Berlin,,
,,,,,,,,2009,,,,,,,,
3,1:47.08,George du Rand,,,,RSA,,,,,,11/7/2009,,,,
4,1:47.84,Markus Rogan,,,,AUT,,,,,,4/13/2008,,,,
5,1:49.05,Ryan Lochte,,,,USA,,,,,,4/9/2006,,,,
6,1:50.52,Aaron Peirsol,,,,USA,,,,,,10/11/2004,,,,
7,1:50.64,Aaron Peirsol,,,,USA,,,,,,3/27/2004,,,,
1/30/2020 6:38:05 PM,,,,,,Highlighted Record ,,,,,,,Page,5,of,12
,,,,World Record Progressions,,,,,,,,,,,,
Rank,Time,Athlete,,,,Swimmer,,Meet Name,,,,Swim,,Location,,
,,,,,,Country,,,,,,Date,,City,,
Men's 200 BK SCM,,,,,,,,,,,,,,,,
8,1:51.17,Aaron Peirsol,,,,USA,,,,,,4/7/2002,,,,
9,1:51.62,Gordan Kozulj,,,,CRO,,,,,,1/21/2001,,,,
9,1:51.62,Matt Welsh,,,,AUS,,,,,,10/13/2000,,,,
11,1:52.43,Lenny Krayzelburg,,,,USA,,,,,,2/6/2000,,,,
12,1:52.47,Lenny Krayzelburg,,,,USA,,,,,,11/18/1999,,,,
13,1:52.51,Martin Zubero,,,,ESP,,,,,,4/10/1991,,,,
,,,,,,,,,,,,,,,,
Women's 200 BK SCM,,,,,,,,,,,,,,,,
1,1:59.23,Katinka Hosszu,,,,HUN,,2014 SCM World Champs ,,,,12/5/2014,,Doha,,
2,2:00.03,Missy Franklin Johnson,,,,USA,,2011 World Cup - Berlin,,,,10/22/2011,,Berlin,,
3,2:00.18,Shiho Sakai,,,,JPN,,,,,,12/14/2009,,,,
4,2:00.91,Kirsty Coventry,,,,ZIM,,,,,,4/11/2008,,,,
5,2:03.24,Reiko Nakamura,,,,JPN,,,,,,2/23/2008,,,,
6,2:03.62,Natalie Hall,,,,USA,,,,,,11/27/2001,,,,
7,2:04.44,Sarah Price,,,,GBR,,,,,,8/6/2001,,,,
8,2:05.83,Clementine Stoney,,,,AUS,,,,,,8/6/2001,,,,
9,2:06.09,He Cihong,,,,CHN,,,,,,12/5/1993,,,,
10,2:06.78,Nicole Stevenson,,,,AUS,,,,,,3/7/1992,,,,
11,2:07.11,Anna Simcic,,,,NZL,,,,,,2/1/1992,,,,
,,,,,,,,,,,,,,,,
Men's 50 BR SCM,,,,,,,,,,,,,,,,
1,25.25,Cameron van der Burgh,,,,RSA,,,,,,11/14/2009,,Berlin,,
2,25.43,Cameron van der Burgh,,,,USA,,,,,,8/8/2009,,,,
3,25.94,Cameron van der Burgh,,,,RSA,,,,,,11/11/2008,,,,
4,26.08,Cameron van der Burgh,,,,RSA,,,,,,11/8/2008,,,,
5,26.17,Oleg Lisogor,,,,UKR,,,,,,1/21/2006,,,,
6,26.20,Oleg Lisogor,,,,UKR,,,,,,1/26/2002,,,,
7,26.28,Ed Moses,,,,USA,,,,,,1/22/2002,,,,
8,26.70,Mark Warnecke,,,,GER,,,,,,12/11/1998,,,,
9,26.97,Mark Warnecke,,,,GER,,,,,,2/8/1997,,,,
9,26.97,Mark Warnecke,,,,GER,,,,,,1/21/1998,,,,
9,26.97,Mark Warnecke,,,,GER,,,,,,3/28/1998,,,,
9,26.97,Mark Warnecke,,,,GER,,,,,,11/17/1998,,,,
13,27.00,Mark Warnecke,,,,GER,,,,,,2/18/1995,,,,
,,,,,,,,,,,,,,,,
Women's 50 BR SCM,,,,,,,,,,,,,,,,
1,28.56,Alia Atkinson,,,,JAM,,2018 World Cup - Budapest,,,,10/6/2018,,Budapest,,
2,28.64,Alia Atkinson,,,,JAM,,2016 World Cup - Tokyo,,,,10/26/2016,,Tokyo,,
3,28.80,Jessica Meichtry,,,,USA,,,,,,11/15/2009,,Berlin,,
4,28.96,Jessica Meichtry,,,,USA,,,,,,11/11/2009,,,,
5,29.36,Jessica Meichtry,,,,USA,,,,,,11/7/2009,,,,
6,29.45,Jessica Meichtry,,,,USA,,,,,,10/17/2009,,,,
7,29.58,Jessica Meichtry,,,,USA,,,,,,4/10/2008,,,,
8,29.90,Jade Edmistone,,,,AUS,,,,,,9/26/2004,,,,
9,29.96,Jade Edmistone,,,,AUS,,,,,,9/25/2004,,,,
9,29.96,Emma Igelstrom,,,,SWE,,,,,,4/4/2002,,,,
11,30.24,Emma Igelstrom,,,,SWE,,,,,,3/14/2002,,,,
12,30.31,Zoe Baker,,,,NZL,,,,,,1/27/2002,,,,
13,30.43,Emma Igelstrom,,,,SWE,,,,,,1/23/2002,,,,
14,30.47,Luo Xuejuan,,,,CHN,,,,,,1/19/2002,,,,
1/30/2020 6:38:05 PM,,,,,,Highlighted Record ,,,,,,,Page,6,of,12
,,,,World Record Progressions,,,,,,,,,,,,
Rank,Time,Athlete,,,,Swimmer,,Meet Name,,,,Swim,,Location,,
,,,,,,Country,,,,,,Date,,City,,
Women's 50 BR SCM,,,,,,,,,,,,,,,,
15,30.51,Zoe Baker,,,,NZL,,,,,,1/15/2002,,,,
16,30.53,Zoe Baker,,,,NZL,,,,,,1/4/2002,,,,
17,30.56,Emma Igelstrom,,,,SWE,,,,,,12/13/2001,,,,
17,30.56,Luo Xuejuan,,,,CHN,,,,,,12/3/2001,,,,
17,30.56,Wei Li,,,,CHN,,,,,,12/3/2001,,,,
20,30.60,Penelope Heyns,,,,RSA,,,,,,9/26/1999,,,,
21,30.77,Han Xue,,,,CHN,,,,,,2/2/1997,,,,
22,30.88,Han Xue,,,,CHN,,,,,,1/29/1997,,,,
23,30.98,Han Xue,,,,CHN,,,,,,1/11/1996,,,,
24,31.11,Han Xue,,,,CHN,,,,,,1/7/1996,,,,
,,,,,,,,,,,,,,,,
Men's 100 BR SCM,,,,,,,,,,,,,,,,
1,55.61,Cameron van der Burgh,,,,RSA,,FINA/ARENA Swimming World Cup ,,,,11/15/2009,,Berlin,,
,,,,,,,,2009,,,,,,,,
2,55.99,Cameron van der Burgh,,,,RSA,,,,,,8/9/2009,,,,
3,56.39,Cameron van der Burgh,,,,RSA,,,,,,8/8/2008,,,,
4,56.88,Cameron van der Burgh,,,,RSA,,,,,,11/9/2008,,,,
5,57.47,Ed Moses,,,,USA,,,,,,1/23/2002,,,,
6,57.66,Ed Moses,,,,USA,,,,,,3/24/2000,,,,
7,58.05,Ed Moses,,,,USA,,,,,,3/24/2000,,,,
8,58.51,Roman Sloudnov,,,,RUS,,,,,,3/17/2000,,,,
9,58.79,Fred Deburghgraeve,,,,BEL,,,,,,12/3/1998,,,,
10,59.02,Fred Deburghgraeve,,,,BEL,,,,,,2/17/1996,,,,
11,59.07,Phil Rogers,,,,AUS,,,,,,8/27/1993,,,,
,,,,,,,,,,,,,,,,
Women's 100 BR SCM,,,,,,,,,,,,,,,,
1,1:02.36,Ruta Meilutyte,,,,LTU,,2013 World Cup - Moscow,,,,10/12/2013,,Moscow,,
1,1:02.36,Alia Atkinson,,,,JAM,,2014 SCM World Champs ,,,,12/6/2014,,Doha,,
1,1:02.36,Alia Atkinson,,,,JAM,,2016 World Cup - Paris,,,,8/26/2016,,Paris-Chartres,,
4,1:02.70,Rebecca Soni,,,,USA,,Top Times (personal best),,,,12/19/2009,,Manchester,,
5,1:03.00,Leisel Jones,,,,AUS,,,,,,12/14/2009,,,,
6,1:03.72,Leisel Jones,,,,AUS,,,,,,4/26/2008,,,,
7,1:03.86,Leisel Jones,,,,AUS,,,,,,8/28/2006,,,,
8,1:04.12,Leisel Jones,,,,AUS,,,,,,8/27/2006,,,,
9,1:04.79,Tara Kirk,,,,USA,,,,,,3/19/2004,,,,
10,1:05.09,Leisel Jones,,,,AUS,,,,,,11/28/2003,,,,
11,1:05.11,Emma Igelstrom,,,,SWE,,,,,,3/16/2003,,,,
12,1:05.29,Emma Igelstrom,,,,SWE,,,,,,3/15/2005,,,,
13,1:05.38,Emma Igelstrom,,,,SWE,,,,,,4/6/2002,,,,
14,1:05.40,Penelope Heyns,,,,RSA,,,,,,9/26/1999,,,,
15,1:05.57,Penelope Heyns,,,,RSA,,,,,,9/5/1999,,,,
16,1:05.70,Samantha Riley,,,,AUS,,,,,,12/2/1995,,,,
17,1:06.58,Dai Guohong,,,,CHN,,,,,,12/4/1996,,,,
,,,,,,,,,,,,,,,,
Men's 200 BR SCM,,,,,,,,,,,,,,,,
1,2:00.16,Kirill Prigoda,,,,RUS,,2018 SCM World Champs,,,,12/13/2018,,Hangzhou,,
2,2:00.44,Marco Koch,,,,GER,,2016 German national short course ,,,,11/20/2016,,Berlin,,
,,,,,,,,championships,,,,,,,,
3,2:00.48,Daniel Gyurta,,,,HUN,,2014 World Cup - Dubai,,,,8/31/2014,,Dubai,,
4,2:00.67,Daniel Gyurta,,,,HUN,,2009 European SC Champs,,,,12/13/2009,,Istanbul,,
5,2:01.98,Christian Sprenger,,,,AUS,,,,,,8/10/2009,,,,
1/30/2020 6:38:05 PM,,,,,,Highlighted Record ,,,,,,,Page,7,of,12
,,,,World Record Progressions,,,,,,,,,,,,
Rank,Time,Athlete,,,,Swimmer,,Meet Name,,,,Swim,,Location,,
,,,,,,Country,,,,,,Date,,City,,
Men's 200 BR SCM,,,,,,,,,,,,,,,,
6,2:02.92,Ed Moses,,,,USA,,2004 US World Cup Berlin,,,,1/17/2004,,,,
7,2:03.17,Ed Moses,,,,USA,,,,,,1/26/2002,,,,
8,2:03.28,Ed Moses,,,,USA,,,,,,1/22/2002,,,,
9,2:04.37,Ed Moses,,,,USA,,,,,,1/18/2002,,,,
10,2:06.40,Ed Moses,,,,USA,,,,,,3/25/2000,,,,
11,2:07.59,Roman Sloudnov,,,,RUS,,,,,,3/19/2000,,,,
12,2:07.79,Andrei Korneev,,,,RUS,,,,,,3/28/1998,,,,
13,2:07.80,Phillip Rogers,,,,AUS,,,,,,8/28/1993,,,,
14,2:07.93,Nick Gillingham,,,,GBR,,,,,,10/20/1991,,,,
,,,,,,,,,,,,,,,,
Women's 200 BR SCM,,,,,,,,,,,,,,,,
1,2:14.57,Rebecca Soni,,,,USA,,Top Times (personal best),,,,12/18/2009,,Manchester,,
2,2:15.42,Leisel Jones,,,,AUS,,,,,,11/15/2009,,,,
3,2:16.83,Annamay Pierse,,,,CAN,,,,,,8/7/2009,,,,
4,2:17.53,Annamay Pierse,,,,CAN,,,,,,3/14/2009,,,,
5,2:17.75,Leisel Jones,,,,AUS,,,,,,11/29/2003,,,,
6,2:18.86,Qi Hui,,,,CHN,,,,,,12/2/2002,,,,
7,2:19.25,Qi Hui,,,,CHN,,,,,,1/28/2001,,,,
8,2:20.22,Masami Tanaka,,,,JPN,,,,,,4/2/1999,,,,
9,2:20.85,Samantha Riley,,,,AUS,,,,,,12/1/1995,,,,
10,2:21.99,Dai Guohong,,,,CHN,,,,,,12/3/1993,,,,
11,2:22.89,Dai Guohong,,,,CHN,,,,,,12/3/1993,,,,
,,,,,,,,,,,,,,,,
Men's 50 FL SCM,,,,,,,,,,,,,,,,
1,21.75,Nicholas Santos,,,,BRA,,2018 World Cup - Budapest,,,,10/6/2018,,Budapest,,
2,21.80,Steffen Deibler,,,,GER,,,,,,11/14/2009,,Berlin,,
3,22.06,Steffen Deibler,,,,GER,,,,,,10/25/2009,,,,
4,22.18,Amaury Leveaux,,,,FRA,,,,,,12/14/2008,,,,
5,22.29,Amaury Leveaux,,,,FRA,,,,,,12/6/2008,,,,
6,22.50,Matt Jaukovic,,,,AUS,,,,,,10/25/2008,,,,
7,22.60,Kaio Marcio,,,,BRA,,,,,,12/17/2005,,,,
8,22.71,Ian Crocker,,,,USA,,,,,,10/10/2004,,,,
9,22.74,Geoff Huegill,,,,AUS,,,,,,1/26/2002,,,,
10,22.84,Geoff Huegill,,,,AUS,,,,,,1/22/2002,,,,
10,22.84,Geoff Huegill,,,,AUS,,,,,,12/8/2001,,,,
12,22.87,Mark Foster,,,,GBR,,,,,,1/17/2001,,,,
13,23.19,Lars Froelander,,,,SWE,,,,,,3/19/2000,,,,
14,23.21,Michael Klim,,,,AUS,,,,,,9/5/1999,,,,
15,23.30,Milos Milosevic,,,,CRO,,,,,,12/12/1998,,,,
16,23.35,Denis Pankratov,,,,RUS,,,,,,2/8/1997,,,,
17,23.45,Mark Foster,,,,GBR,,,,,,12/15/1995,,,,
18,23.55,Mark Foster,,,,GBR,,,,,,2/11/1995,,,,
,,,,,,,,,,,,,,,,
Women's 50 FL SCM,,,,,,,,,,,,,,,,
1,24.38,Therese Alshammar,,,,SWE,,,,,,11/22/2009,,Singapore,,
2,24.46,Therese Alshammar,,,,SWE,,,,,,11/11/2009,,,,
3,24.75,Therese Alshammar,,,,SWE,,,,,,10/17/2009,,,,
4,24.99,Marieke D'Cruz,,,,AUS,,,,,,11/16/2008,,,,
5,25.31,Therese Alshammar,,,,SWE,,,,,,11/12/2008,,,,
6,25.32,Felicity Galvez,,,,AUS,,,,,,4/11/2008,,,,
1/30/2020 6:38:05 PM,,,,,,Highlighted Record ,,,,,,,Page,8,of,12
,,,,World Record Progressions,,,,,,,,,,,,
Rank,Time,Athlete,,,,Swimmer,,Meet Name,,,,Swim,,Location,,
,,,,,,Country,,,,,,Date,,City,,
Women's 50 FL SCM,,,,,,,,,,,,,,,,
7,25.33,Anna-Karin Kammerling,,,,SWE,,,,,,3/12/2005,,,,
8,25.36,Anna-Karin Kammerling,,,,SWE,,,,,,1/25/2001,,,,
9,25.60,Anna-Karin Kammerling,,,,SWE,,,,,,12/15/2000,,,,
10,25.64,Anna-Karin Kammerling,,,,SWE,,,,,,12/10/1999,,,,
11,26.00,Jenny Thompson,,,,USA,,,,,,11/18/1999,,,,
12,26.05,Jenny Thompson,,,,USA,,,,,,12/2/1998,,,,
13,26.48,Jenny Thompson,,,,USA,,,,,,11/29/1997,,,,
14,26.55,Misty Hyman,,,,USA,,,,,,4/19/1997,,,,
15,26.56,Angie Kennedy,,,,AUS,,,,,,2/12/1995,,,,
16,26.73,Amy Rouen,,,,USA,,,,,,2/1/1995,,,,
,,,,,,,,,,,,,,,,
Men's 100 FL SCM,,,,,,,,,,,,,,,,
1,48.08,Chad le Clos,,,,RSA,,2016 SCM World Champs ,,,,12/8/2016,,Windsor,,
2,48.44,Chad le Clos,,,,RSA,,2014 SCM World Champs ,,,,12/4/2014,,Doha,,
3,48.48,Evgeny Korotyshkin,,,,RUS,,FINA/ARENA Swimming World Cup ,,,,11/15/2009,,Berlin,,
,,,,,,,,2009,,,,,,,,
4,48.99,Evgeny Korotyshkin,,,,RUS,,,,,,11/7/2009,,,,
5,49.07,Ian Crocker,,,,USA,,,,,,3/26/2004,,,,
6,49.77,Ian Crocker,,,,USA,,,,,,3/26/2004,,,,
7,50.02,Milo Cavic,,,,SRB,,,,,,12/12/2003,,,,
8,50.10,Thomas Rupprath,,,,GER,,,,,,1/27/2002,,,,
9,50.26,Thomas Rupprath,,,,GER,,,,,,12/14/2001,,,,
10,50.44,Lars Froelander,,,,SWE,,,,,,3/17/2000,,,,
11,50.59,Lars Froelander,,,,SWE,,,,,,3/16/2000,,,,
12,50.99,Michael Klim,,,,AUS,,,,,,9/2/1999,,,,
13,51.02,James Hickman,,,,GBR,,,,,,12/13/1998,,,,
14,51.07,Michael Klim,,,,AUS,,,,,,2/22/1998,,,,
15,51.16,Michael Klim,,,,AUS,,,,,,2/22/1998,,,,
16,51.78,Denis Pankratov,,,,RUS,,,,,,2/9/1997,,,,
17,51.93,Denis Pankratov,,,,RUS,,,,,,2/5/1997,,,,
,,,,,,,,,,,,,,,,
Women's 100 FL SCM,,,,,,,,,,,,,,,,
1,54.61,Sarah Sjostrom,,,,SWE,,2014 SCM World Champs ,,,,12/7/2014,,Doha,,
2,55.05,Diane Bui Duyet,,,,FRA,,2009 European SC Champs,,,,12/12/2009,,Istanbul,,
3,55.46,Felicity Galvez,,,,AUS,,,,,,11/10/2009,,,,
4,55.68,Jessicah Schipper,,,,AUS,,,,,,8/12/2009,,,,
5,55.74,Libby Trickett,,,,AUS,,,,,,4/26/2008,,,,
6,55.89,Felicity Galvez,,,,AUS,,,,,,3/13/2008,,,,
7,55.95,Libby Trickett,,,,AUS,,,,,,8/28/2006,,,,
8,56.34,Natalie Hall,,,,USA,,,,,,11/22/2002,,,,
9,56.55,Martina Moravcikova,,,,CZE,,,,,,1/26/2002,,,,
10,56.56,Jenny Thompson,,,,USA,,,,,,3/18/2000,,,,
11,56.80,Jenny Thompson,,,,USA,,,,,,2/12/2000,,,,
12,56.90,Jenny Thompson,,,,USA,,,,,,12/1/1998,,,,
13,57.79,Jenny Thompson,,,,USA,,,,,,4/19/1997,,,,
14,58.24,Ayari Aoyama,,,,JPN,,,,,,3/28/1997,,,,
15,58.29,Misty Hyman,,,,USA,,,,,,12/1/1996,,,,
16,58.68,Liu Limin,,,,CHN,,,,,,12/2/1995,,,,
17,58.77,Angela Kennedy,,,,AUS,,,,,,2/18/1995,,,,
1/30/2020 6:38:05 PM,,,,,,Highlighted Record ,,,,,,,Page,9,of,12
,,,,World Record Progressions,,,,,,,,,,,,
Rank,Time,Athlete,,,,Swimmer,,Meet Name,,,,Swim,,Location,,
,,,,,,Country,,,,,,Date,,City,,
Men's 200 FL SCM,,,,,,,,,,,,,,,,
1,1:48.24,Daiya Seto,,,,JPN,,2018 SCM World Champs,,,,12/11/2018,,Hangzhou,,
2,1:48.32,Chad le Clos,,,,RSA,,2018 SCM World Champs,,,,12/11/2018,,Hangzhou,,
3,1:48.56,Chad le Clos,,,,RSA,,2013 World Cup - Singapore,,,,11/5/2013,,Singapore,,
4,1:49.04,Chad le Clos,,,,RSA,,2013 World Cup2 - Eindhoven ,,,,8/7/2013,,Eindhoven,,
5,1:49.11,Kaio Marcio,,,,BRA,,Top Times (personal best),,,,11/10/2009,,Stockholm,,
6,1:50.53,Nikolay Skvortsov,,,,RUS,,,,,,2/15/2009,,,,
7,1:50.60,Nikolay Skvortsov,,,,RUS,,,,,,12/13/2008,,,,
8,1:50.73,Franck Esposito,,,,FRA,,,,,,12/8/2002,,,,
9,1:51.21,Thomas Rupprath,,,,GER,,,,,,12/1/2001,,,,
10,1:51.28,Franck Esposito,,,,FRA,,,,,,1/14/2001,,,,
11,1:51.76,James Hickman,,,,GBR,,,,,,3/28/1998,,,,
12,1:52.64,Denis Pankratov,,,,RUS,,,,,,2/1/1997,,,,
13,1:53.05,Franck Esposito,,,,FRA,,,,,,3/26/1994,,,,
14,1:54.21,Danyon Loader,,,,NZL,,,,,,2/13/1993,,,,
15,1:54.50,Danyon Loader,,,,NZL,,,,,,2/9/1993,,,,
16,1:54.58,Danyon Loader,,,,NZL,,,,,,2/6/1993,,,,
17,1:54.67,Franck Esposito,,,,FRA,,,,,,2/1/1992,,,,
,,,,,,,,,,,,,,,,
Women's 200 FL SCM,,,,,,,,,,,,,,,,
1,1:59.61,Mireia Belmonte,,,,ESP,,2014 SCM World Champs ,,,,12/3/2014,,Doha,,
2,2:00.78,Liu Zige,,,,CHN,,FINA/ARENA Swimming World Cup ,,,,11/15/2009,,Berlin,,
,,,,,,,,2009,,,,,,,,
3,2:02.50,Liu Zige,,,,CHN,,,,,,11/11/2009,,,,
4,2:03.12,Yuko Nakanishi,,,,JPN,,,,,,2/23/2008,,,,
5,2:03.53,Otylia Jedrzejczak,,,,POL,,,,,,12/13/2007,,,,
6,2:04.04,Yang Yu,,,,CHN,,,,,,1/18/2004,,,,
7,2:04.16,Susan O'Neill,,,,AUS,,,,,,1/18/2000,,,,
8,2:04.43,Susan O'Neill,,,,AUS,,,,,,9/2/1999,,,,
9,2:05.37,Susan O'Neill,,,,AUS,,,,,,2/17/1999,,,,
,,,,,,,,,,,,,,,,
Men's 100 IM SCM,,,,,,,,,,,,,,,,
1,50.26,Vladimir Morozov,,,,RUS,,2018 World Cup - Eindhoven,,,,9/28/2018,,Eindhoven,,
1,50.26,Vladimir Morozov,,,,RUS,,2018 World Cup - Toyko,,,,11/9/2018,,Tokyo,,
3,50.30,Vladimir Morozov,,,,RUS,,2016 World Cup - Berlin,,,,8/30/2016,,Berlin,,
4,50.60,Vladimir Morozov,,,,RUS,,2016 World Cup - Paris,,,,8/26/2016,,Paris-Chartres,,
5,50.66,Markus Deibler,,,,GER,,2014 SCM World Champs ,,,,12/7/2014,,Doha,,
6,50.71,Ryan Lochte,,,,USA,,2012 SCM World Champs,,,,12/15/2012,,Istanbul,,
7,50.76,Peter Mankoc,,,,SLO,,2009 European SC Champs,,,,12/12/2009,,Istanbul,,
8,50.95,Sergey Fesikov,,,,RUS,,,,,,11/14/2009,,,,
9,51.15,Ryan Lochte,,,,USA,,2008 SC Worlds Champs,,,,4/9/2008,,,,
10,51.25,Ryan Lochte,,,,USA,,,,,,4/12/2008,,,,
11,51.52,Ryk Neethling,,,,RSA,,,,,,2/11/2005,,,,
12,52.01,Ryk Neethling,,,,RSA,,,,,,1/26/2005,,,,
13,52.11,Ryk Neethling,,,,RSA,,,,,,1/22/2005,,,,
14,52.51,Roland Schoeman,,,,RSA,,,,,,1/18/2005,,,,
15,52.58,Thomas Rupprath,,,,GER,,,,,,1/25/2003,,,,
16,52.63,Peter Mankoc,,,,SLO,,,,,,12/15/2001,,,,
17,52.79,Neil Walker,,,,USA,,,,,,3/18/2000,,,,
18,53.10,Jani Sievinen,,,,FIN,,,,,,1/30/1996,,,,
1/30/2020 6:38:05 PM,,,,,,Highlighted Record ,,,,,,,Page,10,of,12
,,,,World Record Progressions,,,,,,,,,,,,
Rank,Time,Athlete,,,,Swimmer,,Meet Name,,,,Swim,,Location,,
,,,,,,Country,,,,,,Date,,City,,
Women's 100 IM SCM,,,,,,,,,,,,,,,,
1,56.51,Katinka Hosszu,,,,HUN,,2017 World Cup - Berlin,,,,8/7/2017,,Berlin,,
2,56.67,Katinka Hosszu,,,,HUN,,2015 European SC Champs,,,,12/4/2015,,Netanya,,
3,56.70,Katinka Hosszu,,,,HUN,,2014 SCM World Champs ,,,,12/5/2014,,Doha,,
4,56.86,Katinka Hosszu,,,,HUN,,2014 World Cup - Dubai,,,,9/1/2014,,Dubai,,
5,57.25,Katinka Hosszu,,,,HUN,,2014 World Cup - Doha,,,,8/27/2014,,Doha,,
6,57.45,Katinka Hosszu,,,,HUN,,2013 World Cup - Berlin,,,,8/11/2013,,Berlin,,
7,57.50,Katinka Hosszu,,,,HUN,,2013 World Cup2 - Eindhoven ,,,,8/7/2013,,Eindhoven,,
8,57.73,Katinka Hosszu,,,,HUN,,2013 World Cup2 - Eindhoven ,,,,8/7/2013,,Eindhoven,,
9,57.74,Hinkelien Schreuder,,,,NED,,,,,,11/15/2009,,,,
10,58.40,Zhao Jing,,,,CHN,,,,,,11/11/2009,,,,
11,58.51,Therese Alshammar,,,,SWE,,,,,,10/17/2009,,,,
12,58.54,Emily Seebohm,,,,AUS,,,,,,8/10/2009,,,,
13,58.80,Natalie Hall,,,,USA,,,,,,11/23/2002,,,,
14,59.30,Jenny Thompson,,,,USA,,,,,,4/2/1999,,,,
15,1:00.35,Martina Moravcova ,,,,SVK,,,,,,4/2/1999,,,,
,,Valko,,,,,,,,,,,,,,
16,1:00.41,Jenny Thompson,,,,USA,,,,,,1/16/1999,,,,
17,1:00.43,Martina Moravcova ,,,,,,,,,,,,,,
,,Valko,,,,SVK,,,,,,12/12/1998,,,,
18,1:00.60,Hu Xiaowen,,,,CHN,,,,,,2/26/1998,,,,
,,,,,,,,,,,,,,,,
Men's 200 IM SCM,,,,,,,,,,,,,,,,
1,1:49.63,Ryan Lochte,,,,USA,,2012 SCM World Champs,,,,12/14/2012,,Istanbul,,
2,1:50.08,Ryan Lochte,,,,USA,,2010 SCM World Champs ,,,,12/17/2010,,Dubai ,,
3,1:51.55,Darian Townsend,,,,RSA,,,,,,11/15/2009,,,,
4,1:51.56,Ryan Lochte,,,,USA,,2008 SC Worlds Champs,,,,4/9/2008,,,,
5,1:52.99,Laszlo Cseh,,,,HUN,,,,,,12/13/2007,,,,
6,1:53.14,Thiago Pereira,,,,BRA,,,,,,11/18/2007,,,,
7,1:53.31,Ryan Lochte,,,,USA,,,,,,4/7/2006,,,,
8,1:53.93,George Bovell,,,,TRI,,,,,,3/25/2004,,,,
9,1:54.65,Attila Czene,,,,HUN,,,,,,3/23/2000,,,,
9,1:54.65,Jani Sievinen,,,,FIN,,,,,,1/21/1994,,,,
11,1:55.59,Jani Sievinen,,,,,,,,,,2/10/1993,,,,
12,1:56.62,Jani Sievinen,,,,FIN,,,,,,1/1/1993,,,,
13,1:56.84,Jani Sievinen,,,,FIN,,,,,,1/22/1993,,,,
14,1:57.19,Jani Sievinen,,,,FIN,,,,,,1/17/1992,,,,
,,,,,,,,,,,,,,,,
Women's 200 IM SCM,,,,,,,,,,,,,,,,
1,2:01.86,Katinka Hosszu,,,,HUN,,2014 SCM World Champs ,,,,12/6/2014,,Doha,,
2,2:02.13,Katinka Hosszu,,,,HUN,,2014 World Cup - Dubai,,,,8/31/2014,,Dubai,,
3,2:02.61,Katinka Hosszu,,,,HUN,,2014 World Cup - Doha,,,,8/27/2014,,Doha,,
4,2:03.20,Katinka Hosszu,,,,HUN,,2013 World Cup2 - Eindhoven ,,,,8/7/2013,,Eindhoven,,
5,2:04.39,Katinka Hosszu,,,,HUN,,2013 World Cup2 - Eindhoven ,,,,8/8/2013,,Eindhoven,,
6,2:04.60,Julia Smit,,,,USA,,Top Times (personal best),,,,12/19/2009,,Manchester,,
7,2:04.64,Evelyn Verraszto,,,,HUN,,,,,,12/10/2009,,,,
8,2:06.13,Kirsty Coventry,,,,,,,,,,4/12/2008,,,,
9,2:07.79,Allison Wagner,,,,USA,,,,,,12/5/1993,,,,
,,,,,,,,,,,,,,,,
Men's 400 IM SCM,,,,,,,,,,,,,,,,
1,3:54.81,Daiya Seto,,,,JPN,,2019 ISL Championship,,,,12/20/2019,,"Las Vegas, NV",,
2,3:55.50,Ryan Lochte,,,,USA,,2010 SCM World Champs ,,,,12/16/2010,,Dubai (UAE),,
1/30/2020 6:38:05 PM,,,,,,Highlighted Record ,,,,,,,Page,11,of,12
,,,,World Record Progressions,,,,,,,,,,,,
Rank,Time,Athlete,,,,Swimmer,,Meet Name,,,,Swim,,Location,,
,,,,,,Country,,,,,,Date,,City,,
Men's 400 IM SCM,,,,,,,,,,,,,,,,
3,3:57.27,Laszlo Cseh,,,,HUN,,,,,,12/11/2009,,,,
4,3:59.33,Laszlo Cseh,,,,HUN,,,,,,12/14/2007,,,,
5,4:00.37,Laszlo Cseh,,,,HUN,,,,,,12/9/2005,,,,
6,4:04.24,Matthew Dunn,,,,AUS,,,,,,9/24/1998,,,,
7,4:05.41,Marcel Wouda,,,,NED,,,,,,2/8/1997,,,,
8,4:05.59,Marcel Wouda,,,,NED,,,,,,2/1/1997,,,,
9,4:06.03,Jani Sievinen,,,,FIN,,,,,,1/20/1996,,,,
10,4:07.10,Jani Sievinen,,,,FIN,,,,,,2/9/1993,,,,
11,4:08.77,Luca Sacchi,,,,ITA,,,,,,2/28/1992,,,,
,,,,,,,,,,,,,,,,
Women's 400 IM SCM,,,,,,,,,,,,,,,,
1,4:18.94,Mireia Belmonte,,,,ESP,,2017 World Cup - Eindhoven,,,,8/12/2017,,Eindhoven,,
2,4:19.46,Katinka Hosszu,,,,HUN,,2015 European SC Champs,,,,12/2/2015,,Netanya,,
3,4:19.86,Mireia Belmonte,,,,ESP,,2014 SCM World Champs ,,,,12/3/2014,,Doha,,
4,4:20.83,Katinka Hosszu,,,,HUN,,2014 World Cup - Doha,,,,8/28/2014,,Doha,,
5,4:20.85,Katinka Hosszu,,,,HUN,,2013 World Cup - Berlin,,,,8/11/2013,,Berlin,,
6,4:21.04,Julia Smit,,,,USA,,Top Times (personal best),,,,12/18/2009,,Manchester,,
7,4:22.88,Kathryn Meaklim,,,,RSA,,,,,,11/22/2009,,,,
8,4:25.06,Mireia Belmonte,,,,ESP,,,,,,12/14/2008,,,,
9,4:25.87,Julia Smit,,,,USA,,,,,,11/28/2008,,,,
10,4:26.52,Kirsty Coventry,,,,ZIM,,,,,,4/9/2008,,,,
11,4:27.83,Yana Klochkova,,,,UKR,,,,,,1/19/2002,,,,
12,4:29.00,Dai Guohong,,,,CHN,,,,,,12/2/1993,,,,
,,,,,,,,,,,,,,,,
Women's 200 FR-R SCM,,,,,,,,,,,,,,,,
1,1:33.91,Ranomi Kromowidjojo,,,,,,2017 European SCM Champs,,,,12/15/2017,,Copenhagen,,
2,1:34.24,Inge Dekker,,,,NED,,,,,,12/7/2014,,Doha,,
3,1:35.74,Esmee Vermeulen,,,,NED,,,,,,12/7/2014,,Doha,,
4,1:37.04,Pernille Blume,,,,DEN,,,,,,12/12/2013,,Herning,,
,,,,,,,,,,,,,,,,
Men's 200 FR-R SCM,,,,,,,,,,,,,,,,
1,1:21.80,Caeleb Dressel,,,,USA,,2018 SCM World Champs,,,,12/14/2018,,Hangzhou,,
2,1:22.60,Vladimir Morozov,,,,RUS,,,,,,12/6/2014,,Doha,,
3,1:23.36,Vladimir Morozov,,,,RUS,,,,,,12/15/2013,,Herning,,
,,,,,,,,,,,,,,,,
Mixed 200 FR-R SCM,,,,,,,,,,,,,,,,
1,1:27.89,Caeleb Dressel,,,,USA,,,,,,12/12/2018,,Hangzhou,,
2,1:28.39,Tim Korstanje,,,,NED,,,,,,12/16/2017,,Copenhagen,,
,,,,,,,,,,,,,,,,
Men's 400 FR-R SCM,,,,,,,,,,,,,,,,
1,3:03.03,Caeleb Dressel,,,,USA,,,,,,12/11/2018,,Hangzhou,,
2,3:03.30,Nathan Adrian,,,,USA,,,,,,12/19/2009,,Manchester,,
,,,,,,,,,,,,,,,,
Women's 400 FR-R SCM,,,,,,,,,,,,,,,,
1,3:26.53,Inge Dekker,,,,NED,,,,,,12/5/2014,,Doha,,
2,3:28.22,Hinkelien Schreuder,,,,NED,,,,,,12/19/2008,,Eindhoven,,
,,,,,,,,,,,,,,,,
Men's 800 FR-R SCM,,,,,,,,,,,,,,,,
1,6:46.81,Luiz Melo,,,,BRA,,2018 SCM World Champs,,,,12/14/2018,,Hangzhou,,
2,6:49.04,Nikita Lobintsev,,,,RUS,,,,,,12/16/2010,,Dubai (UAE),,
1/30/2020 6:38:05 PM,,,,,,Highlighted Record ,,,,,,,Page,12,of,12
,,,,World Record Progressions,,,,,,,,,,,,
Rank,Time,Athlete,,,,Swimmer,,Meet Name,,,,Swim,,Location,,
,,,,,,Country,,,,,,Date,,City,,
Women's 800 FR-R SCM,,,,,,,,,,,,,,,,
1,7:32.85,Inge Dekker,,,,NED,,,,,,12/3/2014,,Doha,,
2,7:35.94,Chen Qian,,,,CHN,,,,,,12/15/2010,,Dubai (UAE),,
,,,,,,,,,,,,,,,,
Women's 200 MED-R SCM,,,,,,,,,,,,,,,,
1,1:42.38,Olivia Smoliga,,,,,,,,,,12/12/2018,,Hangzhou,,
2,1:43.27,Ali DeLoof,,,,,,,,,,12/7/2016,,Windsor,,
3,1:44.04,Mie Nielsen,,,,DEN,,,,,,12/5/2014,,Doha,,
4,1:45.92,Mie Nielsen,,,,DEN,,,,,,12/15/2013,,Herning,,
,,,,,,,,,,,,,,,,
Men's 200 MED-R SCM,,,,,,,,,,,,,,,,
1,1:30.51,Guilherme Guido,,,,BRA,,,,,,12/4/2014,,Doha,,
2,1:32.78,Stanislav Donets,,,,RUS,,,,,,12/4/2014,,Doha,,
3,1:33.65,Niccolo Bonacchi,,,,ITA,,,,,,12/12/2013,,Herning,,
,,,,,,,,,,,,,,,,
Mixed 200 MED-R SCM,,,,,,,,,,,,,,,,
1,1:36.22,Kliment Kolesnikov,,,,RUS,,,,,,12/5/2019,,Glasgow,,
2,1:36.40,Olivia Smoliga,,,,USA,,,,,,12/13/2018,,Hangzhou,,
3,1:37.17,Eugene Godsoe,,,,USA,,,,,,12/21/2013,,Glasgow,,
,,,,,,,,,,,,,,,,
Men's 400 MED-R SCM,,,,,,,,,,,,,,,,
1,3:19.16,Stanislav Donets,,,,RUS,,,,,,12/20/2009,,Saint Petersburg,,
,,,,,,,,,,,,,,,,
Women's 400 MED-R SCM,,,,,,,,,,,,,,,,
1,3:45.20,Courtney Bartholomew,,,,,,,,,,12/11/2015,,Indianapolis,,
2,3:45.56,Natalie Hall,,,,USA,,,,,,12/16/2011,,Atllanta,,
